Acura;CDX;CDX;1.5 T;2016;235/50 R18;235/45 R19;;7.5 x 18 ET45;8 x 19 ET45;;5*114.3;64.1;12*1.5;
Acura;CDX;CDX;1.5 T;2017;235/50 R18;235/45 R19;;7.5 x 18 ET45;8 x 19 ET45;;5*114.3;64.1;12*1.5;
Acura;CDX;CDX;1.5 T;2018;235/50 R18;235/45 R19;;7.5 x 18 ET45;8 x 19 ET45;;5*114.3;64.1;12*1.5;
Acura;CDX;CDX;1.5 T;2019;235/50 R18;235/45 R19;;7.5 x 18 ET45;8 x 19 ET45;;5*114.3;64.1;12*1.5;
Acura;CDX;CDX;1.5 T;2020;235/50 R18;235/45 R19;;7.5 x 18 ET45;8 x 19 ET45;;5*114.3;64.1;12*1.5;
Acura;CDX;CDX;1.5 T;2021;235/50 R18;235/45 R19;;7.5 x 18 ET45;8 x 19 ET45;;5*114.3;64.1;12*1.5;
Acura;CDX;CDX;1.5 T;2022;235/50 R18;235/45 R19;;7.5 x 18 ET45;8 x 19 ET45;;5*114.3;64.1;12*1.5;
Acura;CDX;CDX;2.0i;2016;235/50 R18;235/45 R19;;7.5 x 18 ET45;8 x 19 ET45;;5*114.3;64.1;12*1.5;
Acura;CDX;CDX;2.0i;2017;235/50 R18;235/45 R19;;7.5 x 18 ET45;8 x 19 ET45;;5*114.3;64.1;12*1.5;
Acura;CDX;CDX;2.0i;2018;235/50 R18;235/45 R19;;7.5 x 18 ET45;8 x 19 ET45;;5*114.3;64.1;12*1.5;
Acura;CDX;CDX;2.0i;2019;235/50 R18;235/45 R19;;7.5 x 18 ET45;8 x 19 ET45;;5*114.3;64.1;12*1.5;
Acura;CDX;CDX;2.0i;2020;235/50 R18;235/45 R19;;7.5 x 18 ET45;8 x 19 ET45;;5*114.3;64.1;12*1.5;
Acura;CDX;CDX;2.0i;2021;235/50 R18;235/45 R19;;7.5 x 18 ET45;8 x 19 ET45;;5*114.3;64.1;12*1.5;
Acura;CDX;CDX;2.0i;2022;235/50 R18;235/45 R19;;7.5 x 18 ET45;8 x 19 ET45;;5*114.3;64.1;12*1.5;
Acura;CL;CL;2.3 i;1998;205/55 R16;215/45 R17|215/40 R18;;7 x 16 ET40;7 x 17 ET42|7 x 18 ET40;;4*114.3;67.1;12*1.5;
Acura;CL;CL;2.3 i;1999;205/55 R16;215/45 R17|215/40 R18;;7 x 16 ET40;7 x 17 ET42|7 x 18 ET40;;4*114.3;67.1;12*1.5;
Acura;CL;CL;2.3 i;2000;205/55 R16;215/45 R17|215/40 R18;;7 x 16 ET40;7 x 17 ET42|7 x 18 ET40;;4*114.3;67.1;12*1.5;
Acura;CL;CL;2.3 i;2001;205/55 R16;215/45 R17|215/40 R18;;7 x 16 ET40;7 x 17 ET42|7 x 18 ET40;;4*114.3;67.1;12*1.5;
Acura;CL;CL;3.0 i;1998;205/55 R16;215/45 R17|215/40 R18;;7 x 16 ET40;7 x 17 ET42|7 x 18 ET40;;4*114.3;67.1;12*1.5;
Acura;CL;CL;3.0 i;1999;205/55 R16;215/45 R17|215/40 R18;;7 x 16 ET40;7 x 17 ET42|7 x 18 ET40;;4*114.3;67.1;12*1.5;
Acura;CL;CL;3.0 i;2000;205/55 R16;215/45 R17|215/40 R18;;7 x 16 ET40;7 x 17 ET42|7 x 18 ET40;;4*114.3;67.1;12*1.5;
Acura;CL;CL;3.0 i;2001;205/55 R16;215/45 R17|215/40 R18;;7 x 16 ET40;7 x 17 ET42|7 x 18 ET40;;4*114.3;67.1;12*1.5;
Acura;CL;CL II;3.2 i;2001;205/60 R16;215/50 R17|225/45 R18;;6.5 x 16 ET45;7 x 17 ET48|7.5 x 18 ET48;;5*114.3;67.1;12*1.5;
Acura;CL;CL II;3.2 i;2002;205/60 R16;215/50 R17|225/45 R18;;6.5 x 16 ET45;7 x 17 ET48|7.5 x 18 ET48;;5*114.3;67.1;12*1.5;
Acura;CL;CL II;3.2 i;2003;205/60 R16;215/50 R17|225/45 R18;;6.5 x 16 ET45;7 x 17 ET48|7.5 x 18 ET48;;5*114.3;67.1;12*1.5;
Acura;CL;CL II;3.2 i Type S;2001;215/50 R17;225/45 R18;;7 x 17 ET45;7.5 x 18 ET48;;5*114.3;67.1;12*1.5;
Acura;CL;CL II;3.2 i Type S;2002;215/50 R17;225/45 R18;;7 x 17 ET45;7.5 x 18 ET48;;5*114.3;67.1;12*1.5;
Acura;CL;CL II;3.2 i Type S;2003;215/50 R17;225/45 R18;;7 x 17 ET45;7.5 x 18 ET48;;5*114.3;67.1;12*1.5;
Acura;EL;EL;1.6 i;1997;195/55 R15;205/45 R16|205/40 R17;;6 x 15 ET45;6.5 x 16 ET45|7 x 17 ET45;;4*100;56.1;12*1.5;
Acura;EL;EL;1.6 i;1998;195/55 R15;205/45 R16|205/40 R17;;6 x 15 ET45;6.5 x 16 ET45|7 x 17 ET45;;4*100;56.1;12*1.5;
Acura;EL;EL;1.6 i;1999;195/55 R15;205/45 R16|205/40 R17;;6 x 15 ET45;6.5 x 16 ET45|7 x 17 ET45;;4*100;56.1;12*1.5;
Acura;EL;EL;1.6 i;2000;195/55 R15;205/45 R16|205/40 R17;;6 x 15 ET45;6.5 x 16 ET45|7 x 17 ET45;;4*100;56.1;12*1.5;
Acura;EL;EL;1.7i;2001;185/65 R14;195/55 R15;;5.5 x 14 ET45;6 x 15 ET45;;4*100;56.1;12*1.5;
Acura;EL;EL;1.7i;2002;185/65 R14;195/55 R15;;5.5 x 14 ET45;6 x 15 ET45;;4*100;56.1;12*1.5;
Acura;EL;EL;1.7i;2003;185/65 R14;195/55 R15;;5.5 x 14 ET45;6 x 15 ET45;;4*100;56.1;12*1.5;
Acura;EL;EL;1.7i;2004;185/65 R14;195/55 R15;;5.5 x 14 ET45;6 x 15 ET45;;4*100;56.1;12*1.5;
Acura;EL;EL;1.7i;2005;185/65 R14;195/55 R15;;5.5 x 14 ET45;6 x 15 ET45;;4*100;56.1;12*1.5;
Acura;ILX;ILX;1.5H;2012;205/55 R16;205/50 R17|205/45 R18;;6.5 x 16 ET45;6.5 x 17 ET45|7 x 18 ET45;;5*114.3;64.1;12*1.5;
Acura;ILX;ILX;1.5H;2013;205/55 R16;205/50 R17|205/45 R18;;6.5 x 16 ET45;6.5 x 17 ET45|7 x 18 ET45;;5*114.3;64.1;12*1.5;
Acura;ILX;ILX;1.5H;2014;205/55 R16;205/50 R17|205/45 R18;;6.5 x 16 ET45;6.5 x 17 ET45|7 x 18 ET45;;5*114.3;64.1;12*1.5;
Acura;ILX;ILX;1.5H;2015;205/55 R16;205/50 R17|205/45 R18;;6.5 x 16 ET45;6.5 x 17 ET45|7 x 18 ET45;;5*114.3;64.1;12*1.5;
Acura;ILX;ILX;1.5H;2016;205/55 R16;205/50 R17|205/45 R18;;6.5 x 16 ET45;6.5 x 17 ET45|7 x 18 ET45;;5*114.3;64.1;12*1.5;
Acura;ILX;ILX;1.5H;2017;205/55 R16;205/50 R17|205/45 R18;;6.5 x 16 ET45;6.5 x 17 ET45|7 x 18 ET45;;5*114.3;64.1;12*1.5;
Acura;ILX;ILX;1.5H;2018;205/55 R16;205/50 R17|205/45 R18;;6.5 x 16 ET45;6.5 x 17 ET45|7 x 18 ET45;;5*114.3;64.1;12*1.5;
Acura;ILX;ILX;1.5H;2019;205/55 R16;205/50 R17|205/45 R18;;6.5 x 16 ET45;6.5 x 17 ET45|7 x 18 ET45;;5*114.3;64.1;12*1.5;
Acura;ILX;ILX;1.5H;2020;205/55 R16;205/50 R17|205/45 R18;;6.5 x 16 ET45;6.5 x 17 ET45|7 x 18 ET45;;5*114.3;64.1;12*1.5;
Acura;ILX;ILX;1.5H;2021;205/55 R16;205/50 R17|205/45 R18;;6.5 x 16 ET45;6.5 x 17 ET45|7 x 18 ET45;;5*114.3;64.1;12*1.5;
Acura;ILX;ILX;1.5H;2022;205/55 R16;205/50 R17|205/45 R18;;6.5 x 16 ET45;6.5 x 17 ET45|7 x 18 ET45;;5*114.3;64.1;12*1.5;
Acura;ILX;ILX;2.0i;2012;205/55 R16;215/45 R17;225/45 R17;6.5 x 16 ET45;7 x 17 ET45;7.5 x 17 ET45;5*114.3;64.1;12*1.5;
Acura;ILX;ILX;2.0i;2013;205/55 R16;215/45 R17;225/45 R17;6.5 x 16 ET45;7 x 17 ET45;7.5 x 17 ET45;5*114.3;64.1;12*1.5;
Acura;ILX;ILX;2.0i;2014;205/55 R16;215/45 R17;225/45 R17;6.5 x 16 ET45;7 x 17 ET45;7.5 x 17 ET45;5*114.3;64.1;12*1.5;
Acura;ILX;ILX;2.0i;2015;205/55 R16;215/45 R17;225/45 R17;6.5 x 16 ET45;7 x 17 ET45;7.5 x 17 ET45;5*114.3;64.1;12*1.5;
Acura;ILX;ILX;2.0i;2016;205/55 R16;215/45 R17;225/45 R17;6.5 x 16 ET45;7 x 17 ET45;7.5 x 17 ET45;5*114.3;64.1;12*1.5;
Acura;ILX;ILX;2.0i;2017;205/55 R16;215/45 R17;225/45 R17;6.5 x 16 ET45;7 x 17 ET45;7.5 x 17 ET45;5*114.3;64.1;12*1.5;
Acura;ILX;ILX;2.0i;2018;205/55 R16;215/45 R17;225/45 R17;6.5 x 16 ET45;7 x 17 ET45;7.5 x 17 ET45;5*114.3;64.1;12*1.5;
Acura;ILX;ILX;2.0i;2019;205/55 R16;215/45 R17;225/45 R17;6.5 x 16 ET45;7 x 17 ET45;7.5 x 17 ET45;5*114.3;64.1;12*1.5;
Acura;ILX;ILX;2.0i;2020;205/55 R16;215/45 R17;225/45 R17;6.5 x 16 ET45;7 x 17 ET45;7.5 x 17 ET45;5*114.3;64.1;12*1.5;
Acura;ILX;ILX;2.0i;2021;205/55 R16;215/45 R17;225/45 R17;6.5 x 16 ET45;7 x 17 ET45;7.5 x 17 ET45;5*114.3;64.1;12*1.5;
Acura;ILX;ILX;2.0i;2022;205/55 R16;215/45 R17;225/45 R17;6.5 x 16 ET45;7 x 17 ET45;7.5 x 17 ET45;5*114.3;64.1;12*1.5;
Acura;ILX;ILX;2.4i;2012;215/45 R17;225/40 R18;245/35 R18;7 x 17 ET50;7.5 x 18 ET50;8 x 18 ET45;5*114.3;64.1;12*1.5;
Acura;ILX;ILX;2.4i;2013;215/45 R17;225/40 R18;245/35 R18;7 x 17 ET50;7.5 x 18 ET50;8 x 18 ET45;5*114.3;64.1;12*1.5;
Acura;ILX;ILX;2.4i;2014;215/45 R17;225/40 R18;245/35 R18;7 x 17 ET50;7.5 x 18 ET50;8 x 18 ET45;5*114.3;64.1;12*1.5;
Acura;ILX;ILX;2.4i;2015;215/45 R17;225/40 R18;245/35 R18;7 x 17 ET50;7.5 x 18 ET50;8 x 18 ET45;5*114.3;64.1;12*1.5;
Acura;ILX;ILX;2.4i;2016;215/45 R17;225/40 R18;245/35 R18;7 x 17 ET50;7.5 x 18 ET50;8 x 18 ET45;5*114.3;64.1;12*1.5;
Acura;ILX;ILX;2.4i;2017;215/45 R17;225/40 R18;245/35 R18;7 x 17 ET50;7.5 x 18 ET50;8 x 18 ET45;5*114.3;64.1;12*1.5;
Acura;ILX;ILX;2.4i;2018;215/45 R17;225/40 R18;245/35 R18;7 x 17 ET50;7.5 x 18 ET50;8 x 18 ET45;5*114.3;64.1;12*1.5;
Acura;ILX;ILX;2.4i;2019;215/45 R17;225/40 R18;245/35 R18;7 x 17 ET50;7.5 x 18 ET50;8 x 18 ET45;5*114.3;64.1;12*1.5;
Acura;ILX;ILX;2.4i;2020;215/45 R17;225/40 R18;245/35 R18;7 x 17 ET50;7.5 x 18 ET50;8 x 18 ET45;5*114.3;64.1;12*1.5;
Acura;ILX;ILX;2.4i;2021;215/45 R17;225/40 R18;245/35 R18;7 x 17 ET50;7.5 x 18 ET50;8 x 18 ET45;5*114.3;64.1;12*1.5;
Acura;ILX;ILX;2.4i;2022;215/45 R17;225/40 R18;245/35 R18;7 x 17 ET50;7.5 x 18 ET50;8 x 18 ET45;5*114.3;64.1;12*1.5;
Acura;Integra;Integra;1.8i;1995;195/60 R14|195/55 R15;205/50 R15|205/45 R16|215/40 R17;;5.5 x 14 ET45|6 x 15 ET42;6.5 x 15 ET40|6.5 x 16 ET40|7 x 17 ET38;;4*100;56.1;12*1.5;
Acura;Integra;Integra;1.8i;1996;195/60 R14|195/55 R15;205/50 R15|205/45 R16|215/40 R17;;5.5 x 14 ET45|6 x 15 ET42;6.5 x 15 ET40|6.5 x 16 ET40|7 x 17 ET38;;4*100;56.1;12*1.5;
Acura;Integra;Integra;1.8i;1997;195/60 R14|195/55 R15;205/50 R15|205/45 R16|215/40 R17;;5.5 x 14 ET45|6 x 15 ET42;6.5 x 15 ET40|6.5 x 16 ET40|7 x 17 ET38;;4*100;56.1;12*1.5;
Acura;Integra;Integra;1.8i;1998;195/60 R14|195/55 R15;205/50 R15|205/45 R16|215/40 R17;;5.5 x 14 ET45|6 x 15 ET42;6.5 x 15 ET40|6.5 x 16 ET40|7 x 17 ET38;;4*100;56.1;12*1.5;
Acura;Integra;Integra;1.8i;1999;195/60 R14|195/55 R15;205/50 R15|205/45 R16|215/40 R17;;5.5 x 14 ET45|6 x 15 ET42;6.5 x 15 ET40|6.5 x 16 ET40|7 x 17 ET38;;4*100;56.1;12*1.5;
Acura;Integra;Integra;1.8i;2000;195/60 R14|195/55 R15;205/50 R15|205/45 R16|215/40 R17;;5.5 x 14 ET45|6 x 15 ET42;6.5 x 15 ET40|6.5 x 16 ET40|7 x 17 ET38;;4*100;56.1;12*1.5;
Acura;Integra;Integra;1.8i;2001;195/60 R14|195/55 R15;205/50 R15|205/45 R16|215/40 R17;;5.5 x 14 ET45|6 x 15 ET42;6.5 x 15 ET40|6.5 x 16 ET40|7 x 17 ET38;;4*100;56.1;12*1.5;
Acura;Integra;Integra IV;1.5 VTec;2023;215/50 R17|235/40 R18;;;7 x 17 ET45|8 x 18 ET50;;;5*114.3;64.1;12*1.5;
Acura;Integra;Integra IV;1.5 VTec;2024;215/50 R17|235/40 R18;;;7 x 17 ET45|8 x 18 ET50;;;5*114.3;64.1;12*1.5;
Acura;Integra;Integra IV;2.0 VTec;2023;215/50 R17|235/40 R18;;;7 x 17 ET45|8 x 18 ET50;;;5*114.3;64.1;12*1.5;
Acura;Integra;Integra IV;2.0 VTec;2024;215/50 R17|235/40 R18;;;7 x 17 ET45|8 x 18 ET50;;;5*114.3;64.1;12*1.5;
Acura;Integra;Integra Type-R;1.8 Type R;1998;195/55 R15|205/45 R16;205/40 R17|215/35 R18;;6 x 15 ET50|7 x 16 ET42;7 x 17 ET42|7.5 x 18 ET40;;5*114.3;64.1;12*1.5;
Acura;Integra;Integra Type-R;1.8 Type R;1999;195/55 R15|205/45 R16;205/40 R17|215/35 R18;;6 x 15 ET50|7 x 16 ET42;7 x 17 ET42|7.5 x 18 ET40;;5*114.3;64.1;12*1.5;
Acura;Integra;Integra Type-R;1.8 Type R;2000;195/55 R15|205/45 R16;205/40 R17|215/35 R18;;6 x 15 ET50|7 x 16 ET42;7 x 17 ET42|7.5 x 18 ET40;;5*114.3;64.1;12*1.5;
Acura;Integra;Integra Type-R;1.8 Type R;2001;195/55 R15|205/45 R16;205/40 R17|215/35 R18;;6 x 15 ET50|7 x 16 ET42;7 x 17 ET42|7.5 x 18 ET40;;5*114.3;64.1;12*1.5;
Acura;MDX;MDX;3.5 i;2001;235/65 R17;235/60 R18|255/55 R18|255/50 R19;;7 x 17 ET50;7.5 x 18 ET48|8 x 18 ET45|8.5 x 19 ET40;;5*114.3;64.1;12*1.5;
Acura;MDX;MDX;3.5 i;2002;235/65 R17;235/60 R18|255/55 R18|255/50 R19;;7 x 17 ET50;7.5 x 18 ET48|8 x 18 ET45|8.5 x 19 ET40;;5*114.3;64.1;12*1.5;
Acura;MDX;MDX;3.5 i;2003;235/65 R17;235/60 R18|255/55 R18|255/50 R19;;7 x 17 ET50;7.5 x 18 ET48|8 x 18 ET45|8.5 x 19 ET40;;5*114.3;64.1;12*1.5;
Acura;MDX;MDX;3.5 i;2004;235/65 R17;235/60 R18|255/55 R18|255/50 R19;;7 x 17 ET50;7.5 x 18 ET48|8 x 18 ET45|8.5 x 19 ET40;;5*114.3;64.1;12*1.5;
Acura;MDX;MDX;3.5 i;2005;235/65 R17;235/60 R18|255/55 R18|255/50 R19;;7 x 17 ET50;7.5 x 18 ET48|8 x 18 ET45|8.5 x 19 ET40;;5*114.3;64.1;12*1.5;
Acura;MDX;MDX;3.5 i;2006;235/65 R17;235/60 R18|255/55 R18|255/50 R19;;7 x 17 ET50;7.5 x 18 ET48|8 x 18 ET45|8.5 x 19 ET40;;5*114.3;64.1;12*1.5;
Acura;MDX;MDX II (YD2);3.7i;2007;255/55 R18|255/50 R19;275/45 R19|275/45 R19|275/40 R20|255/45 R20|285/40 R20;;8 x 18 ET45|8.5 x 19 ET45;8 x 19 ET45|9 x 19 ET42|8.5 x 20 ET38|8.5 x 20 ET45|10 x 20 ET35;;5*120;64.1;14*1.5;
Acura;MDX;MDX II (YD2);3.7i;2008;255/55 R18|255/50 R19;275/45 R19|275/45 R19|275/40 R20|255/45 R20|285/40 R20;;8 x 18 ET45|8.5 x 19 ET45;8 x 19 ET45|9 x 19 ET42|8.5 x 20 ET38|8.5 x 20 ET45|10 x 20 ET35;;5*120;64.1;14*1.5;
Acura;MDX;MDX II (YD2);3.7i;2009;255/55 R18|255/50 R19;275/45 R19|275/45 R19|275/40 R20|255/45 R20|285/40 R20;;8 x 18 ET45|8.5 x 19 ET45;8 x 19 ET45|9 x 19 ET42|8.5 x 20 ET38|8.5 x 20 ET45|10 x 20 ET35;;5*120;64.1;14*1.5;
Acura;MDX;MDX II (YD2);3.7i;2010;255/55 R18|255/50 R19;275/45 R19|275/45 R19|275/40 R20|255/45 R20|285/40 R20;;8 x 18 ET45|8.5 x 19 ET45;8 x 19 ET45|9 x 19 ET42|8.5 x 20 ET38|8.5 x 20 ET45|10 x 20 ET35;;5*120;64.1;14*1.5;
Acura;MDX;MDX II (YD2);3.7i;2011;255/55 R18|255/50 R19;275/45 R19|275/45 R19|275/40 R20|255/45 R20|285/40 R20;;8 x 18 ET45|8.5 x 19 ET45;8 x 19 ET45|9 x 19 ET42|8.5 x 20 ET38|8.5 x 20 ET45|10 x 20 ET35;;5*120;64.1;14*1.5;
Acura;MDX;MDX II (YD2);3.7i;2012;255/55 R18|255/50 R19;275/45 R19|275/45 R19|275/40 R20|255/45 R20|285/40 R20;;8 x 18 ET45|8.5 x 19 ET45;8 x 19 ET45|9 x 19 ET42|8.5 x 20 ET38|8.5 x 20 ET45|10 x 20 ET35;;5*120;64.1;14*1.5;
Acura;MDX;MDX II (YD2);3.7i;2013;255/55 R18|255/50 R19;275/45 R19|275/45 R19|275/40 R20|255/45 R20|285/40 R20;;8 x 18 ET45|8.5 x 19 ET45;8 x 19 ET45|9 x 19 ET42|8.5 x 20 ET38|8.5 x 20 ET45|10 x 20 ET35;;5*120;64.1;14*1.5;
Acura;MDX;MDX III (YD3);3.5i;2013;245/60 R18|245/55 R19|245/50 R20;;;8 x 18 ET55|8 x 19 ET55|8 x 20 ET55;;;5*114.3;64.1;12*1.5;
Acura;MDX;MDX III (YD3);3.5i;2014;245/60 R18|245/55 R19|245/50 R20;;;8 x 18 ET55|8 x 19 ET55|8 x 20 ET55;;;5*114.3;64.1;12*1.5;
Acura;MDX;MDX III (YD3);3.5i;2015;245/60 R18|245/55 R19|245/50 R20;;;8 x 18 ET55|8 x 19 ET55|8 x 20 ET55;;;5*114.3;64.1;12*1.5;
Acura;MDX;MDX III (YD3);3.5i;2016;245/60 R18|245/55 R19|245/50 R20;;;8 x 18 ET55|8 x 19 ET55|8 x 20 ET55;;;5*114.3;64.1;12*1.5;
Acura;MDX;MDX III (YD3);3.5i;2017;245/60 R18|245/55 R19|245/50 R20;;;8 x 18 ET55|8 x 19 ET55|8 x 20 ET55;;;5*114.3;64.1;12*1.5;
Acura;MDX;MDX III (YD3);3.5i;2018;245/60 R18|245/55 R19|245/50 R20;;;8 x 18 ET55|8 x 19 ET55|8 x 20 ET55;;;5*114.3;64.1;12*1.5;
Acura;MDX;MDX III (YD3);3.5i;2019;245/60 R18|245/55 R19|245/50 R20;;;8 x 18 ET55|8 x 19 ET55|8 x 20 ET55;;;5*114.3;64.1;12*1.5;
Acura;MDX;MDX III (YD3);3.5i;2020;245/60 R18|245/55 R19|245/50 R20;;;8 x 18 ET55|8 x 19 ET55|8 x 20 ET55;;;5*114.3;64.1;12*1.5;
Acura;MDX;MDX III (YD3);3.5i;2021;245/60 R18|245/55 R19|245/50 R20;;;8 x 18 ET55|8 x 19 ET55|8 x 20 ET55;;;5*114.3;64.1;12*1.5;
Acura;MDX;MDX III (YD3);3.0 Hybrid;2016;245/60 R18|245/55 R19|245/50 R20;;;8 x 18 ET55|8 x 19 ET55|8 x 20 ET55;;;5*114.3;64.1;12*1.5;
Acura;MDX;MDX III (YD3);3.0 Hybrid;2017;245/60 R18|245/55 R19|245/50 R20;;;8 x 18 ET55|8 x 19 ET55|8 x 20 ET55;;;5*114.3;64.1;12*1.5;
Acura;MDX;MDX III (YD3);3.0 Hybrid;2018;245/60 R18|245/55 R19|245/50 R20;;;8 x 18 ET55|8 x 19 ET55|8 x 20 ET55;;;5*114.3;64.1;12*1.5;
Acura;MDX;MDX III (YD3);3.0 Hybrid;2019;245/60 R18|245/55 R19|245/50 R20;;;8 x 18 ET55|8 x 19 ET55|8 x 20 ET55;;;5*114.3;64.1;12*1.5;
Acura;MDX;MDX III (YD3);3.0 Hybrid;2020;245/60 R18|245/55 R19|245/50 R20;;;8 x 18 ET55|8 x 19 ET55|8 x 20 ET55;;;5*114.3;64.1;12*1.5;
Acura;MDX;MDX III (YD3);3.0 Hybrid;2021;245/60 R18|245/55 R19|245/50 R20;;;8 x 18 ET55|8 x 19 ET55|8 x 20 ET55;;;5*114.3;64.1;12*1.5;
Acura;MDX;MDX IV;3.0T;2021;275/40 R21;;;0 x 0 ET0;;;5*120;64.1;14*1.5;
Acura;MDX;MDX IV;3.0T;2022;275/40 R21;;;0 x 0 ET0;;;5*120;64.1;14*1.5;
Acura;MDX;MDX IV;3.0T;2023;275/40 R21;;;0 x 0 ET0;;;5*120;64.1;14*1.5;
Acura;MDX;MDX IV;3.0T;2024;275/40 R21;;;0 x 0 ET0;;;5*120;64.1;14*1.5;
Acura;MDX;MDX IV;3.5i;2021;255/55 R19|255/50 R20;;;8.5 x 19 ET55|9 x 20 ET55;;;5*120;64.1;14*1.5;
Acura;MDX;MDX IV;3.5i;2022;255/55 R19|255/50 R20;;;8.5 x 19 ET55|9 x 20 ET55;;;5*120;64.1;14*1.5;
Acura;MDX;MDX IV;3.5i;2023;255/55 R19|255/50 R20;;;8.5 x 19 ET55|9 x 20 ET55;;;5*120;64.1;14*1.5;
Acura;MDX;MDX IV;3.5i;2024;255/55 R19|255/50 R20;;;8.5 x 19 ET55|9 x 20 ET55;;;5*120;64.1;14*1.5;
Acura;NSX;NSX;3.0 V6;2001;;;215/40 R17,245/40 R17|235/35 R18,255/35 R18;;;7.5 x 17 ET40,9 x 17 ET30|8 x 18 ET38,9.5 x 18 ET30;5*114.3;70.1;12*1.5;
Acura;NSX;NSX;3.0 V6;2002;;;215/40 R17,245/40 R17|235/35 R18,255/35 R18;;;7.5 x 17 ET40,9 x 17 ET30|8 x 18 ET38,9.5 x 18 ET30;5*114.3;70.1;12*1.5;
Acura;NSX;NSX;3.0 V6;2003;;;215/40 R17,245/40 R17|235/35 R18,255/35 R18;;;7.5 x 17 ET40,9 x 17 ET30|8 x 18 ET38,9.5 x 18 ET30;5*114.3;70.1;12*1.5;
Acura;NSX;NSX;3.0 V6;2004;;;215/40 R17,245/40 R17|235/35 R18,255/35 R18;;;7.5 x 17 ET40,9 x 17 ET30|8 x 18 ET38,9.5 x 18 ET30;5*114.3;70.1;12*1.5;
Acura;NSX;NSX;3.0 V6;2005;;;215/40 R17,245/40 R17|235/35 R18,255/35 R18;;;7.5 x 17 ET40,9 x 17 ET30|8 x 18 ET38,9.5 x 18 ET30;5*114.3;70.1;12*1.5;
Acura;NSX;NSX;3.2i;2002;215/45 R16,245/40 R17;;215/45 R17,255/40 R17|235/45 R17,255/40 R17|235/35 R18,255/35 R18;7 x 16 ET55,8.5 x 17 ET60;;7.5 x 17 ET40,9 x 17 ET30|8 x 17 ET50,8.5 x 17 ET60|8 x 18 ET38,9.5 x 18 ET30;5*114.3;70.1;12*1.5;
Acura;NSX;NSX;3.2i;2003;215/45 R16,245/40 R17;;215/45 R17,255/40 R17|235/45 R17,255/40 R17|235/35 R18,255/35 R18;7 x 16 ET55,8.5 x 17 ET60;;7.5 x 17 ET40,9 x 17 ET30|8 x 17 ET50,8.5 x 17 ET60|8 x 18 ET38,9.5 x 18 ET30;5*114.3;70.1;12*1.5;
Acura;NSX;NSX;3.2i;2004;215/45 R16,245/40 R17;;215/45 R17,255/40 R17|235/45 R17,255/40 R17|235/35 R18,255/35 R18;7 x 16 ET55,8.5 x 17 ET60;;7.5 x 17 ET40,9 x 17 ET30|8 x 17 ET50,8.5 x 17 ET60|8 x 18 ET38,9.5 x 18 ET30;5*114.3;70.1;12*1.5;
Acura;NSX;NSX;3.2i;2005;215/45 R16,245/40 R17;;215/45 R17,255/40 R17|235/45 R17,255/40 R17|235/35 R18,255/35 R18;7 x 16 ET55,8.5 x 17 ET60;;7.5 x 17 ET40,9 x 17 ET30|8 x 17 ET50,8.5 x 17 ET60|8 x 18 ET38,9.5 x 18 ET30;5*114.3;70.1;12*1.5;
Acura;NSX;NSX II;3.5 V6;2016;235/45 R19;;;8 x 19 ET50;;;5*114.3;70.3;12*1.5;
Acura;NSX;NSX II;3.5 V6;2017;235/45 R19;;;8 x 19 ET50;;;5*114.3;70.3;12*1.5;
Acura;NSX;NSX II;3.5 V6;2018;235/45 R19;;;8 x 19 ET50;;;5*114.3;70.3;12*1.5;
Acura;NSX;NSX II;3.5 V6;2019;235/45 R19;;;8 x 19 ET50;;;5*114.3;70.3;12*1.5;
Acura;NSX;NSX II;3.5 V6;2020;235/45 R19;;;8 x 19 ET50;;;5*114.3;70.3;12*1.5;
Acura;NSX;NSX II;3.5 V6;2021;235/45 R19;;;8 x 19 ET50;;;5*114.3;70.3;12*1.5;
Acura;NSX;NSX II;3.5 V6;2022;235/45 R19;;;8 x 19 ET50;;;5*114.3;70.3;12*1.5;
Acura;NSX;NSX II;3.5 V6;2023;235/45 R19;;;8 x 19 ET50;;;5*114.3;70.3;12*1.5;
Acura;NSX;NSX II;3.5 V6;2024;235/45 R19;;;8 x 19 ET50;;;5*114.3;70.3;12*1.5;
Acura;RDX;RDX;02.мар;2006;235/55 R18;235/50 R19;245/45 R20;7.5 x 18 ET50;8 x 19 ET45;8 x 20 ET50;5*114.3;64.1;12*1.5;
Acura;RDX;RDX;02.мар;2007;235/55 R18;235/50 R19;245/45 R20;7.5 x 18 ET50;8 x 19 ET45;8 x 20 ET50;5*114.3;64.1;12*1.5;
Acura;RDX;RDX;02.мар;2008;235/55 R18;235/50 R19;245/45 R20;7.5 x 18 ET50;8 x 19 ET45;8 x 20 ET50;5*114.3;64.1;12*1.5;
Acura;RDX;RDX;02.мар;2009;235/55 R18;235/50 R19;245/45 R20;7.5 x 18 ET50;8 x 19 ET45;8 x 20 ET50;5*114.3;64.1;12*1.5;
Acura;RDX;RDX;02.мар;2010;235/55 R18;235/50 R19;245/45 R20;7.5 x 18 ET50;8 x 19 ET45;8 x 20 ET50;5*114.3;64.1;12*1.5;
Acura;RDX;RDX;02.мар;2011;235/55 R18;235/50 R19;245/45 R20;7.5 x 18 ET50;8 x 19 ET45;8 x 20 ET50;5*114.3;64.1;12*1.5;
Acura;RDX;RDX;02.мар;2012;235/55 R18;235/50 R19;245/45 R20;7.5 x 18 ET50;8 x 19 ET45;8 x 20 ET50;5*114.3;64.1;12*1.5;
Acura;RDX;RDX II;03.май;2012;235/60 R18;255/50 R19|235/55 R19;255/45 R20;7.5 x 18 ET50;8 x 19 ET50|7.5 x 19 ET45;8 x 20 ET50;5*114.3;67.1;12*1.5;
Acura;RDX;RDX II;03.май;2013;235/60 R18;255/50 R19|235/55 R19;255/45 R20;7.5 x 18 ET50;8 x 19 ET50|7.5 x 19 ET45;8 x 20 ET50;5*114.3;67.1;12*1.5;
Acura;RDX;RDX II;03.май;2014;235/60 R18;255/50 R19|235/55 R19;255/45 R20;7.5 x 18 ET50;8 x 19 ET50|7.5 x 19 ET45;8 x 20 ET50;5*114.3;67.1;12*1.5;
Acura;RDX;RDX II;03.май;2015;235/60 R18;255/50 R19|235/55 R19;255/45 R20;7.5 x 18 ET50;8 x 19 ET50|7.5 x 19 ET45;8 x 20 ET50;5*114.3;67.1;12*1.5;
Acura;RDX;RDX II;03.май;2016;235/60 R18;255/50 R19|235/55 R19;255/45 R20;7.5 x 18 ET50;8 x 19 ET50|7.5 x 19 ET45;8 x 20 ET50;5*114.3;67.1;12*1.5;
Acura;RDX;RDX II;03.май;2017;235/60 R18;255/50 R19|235/55 R19;255/45 R20;7.5 x 18 ET50;8 x 19 ET50|7.5 x 19 ET45;8 x 20 ET50;5*114.3;67.1;12*1.5;
Acura;RDX;RDX II;03.май;2018;235/60 R18;255/50 R19|235/55 R19;255/45 R20;7.5 x 18 ET50;8 x 19 ET50|7.5 x 19 ET45;8 x 20 ET50;5*114.3;67.1;12*1.5;
Acura;RDX;RDX II;3.0;2012;235/60 R18;255/50 R19|235/55 R19;255/45 R20;7.5 x 18 ET50;8 x 19 ET50|7.5 x 19 ET45;8 x 20 ET50;5*114.3;67.1;12*1.5;
Acura;RDX;RDX II;3.0;2013;235/60 R18;255/50 R19|235/55 R19;255/45 R20;7.5 x 18 ET50;8 x 19 ET50|7.5 x 19 ET45;8 x 20 ET50;5*114.3;67.1;12*1.5;
Acura;RDX;RDX II;3.0;2014;235/60 R18;255/50 R19|235/55 R19;255/45 R20;7.5 x 18 ET50;8 x 19 ET50|7.5 x 19 ET45;8 x 20 ET50;5*114.3;67.1;12*1.5;
Acura;RDX;RDX II;3.0;2015;235/60 R18;255/50 R19|235/55 R19;255/45 R20;7.5 x 18 ET50;8 x 19 ET50|7.5 x 19 ET45;8 x 20 ET50;5*114.3;67.1;12*1.5;
Acura;RDX;RDX II;3.0;2016;235/60 R18;255/50 R19|235/55 R19;255/45 R20;7.5 x 18 ET50;8 x 19 ET50|7.5 x 19 ET45;8 x 20 ET50;5*114.3;67.1;12*1.5;
Acura;RDX;RDX II;3.0;2017;235/60 R18;255/50 R19|235/55 R19;255/45 R20;7.5 x 18 ET50;8 x 19 ET50|7.5 x 19 ET45;8 x 20 ET50;5*114.3;67.1;12*1.5;
Acura;RDX;RDX II;3.0;2018;235/60 R18;255/50 R19|235/55 R19;255/45 R20;7.5 x 18 ET50;8 x 19 ET50|7.5 x 19 ET45;8 x 20 ET50;5*114.3;67.1;12*1.5;
Acura;RDX;RDX III;2.0 T;2018;235/55 R19;255/45 R20;;8 x 19 ET50;8 x 20 ET50;;5*114.3;64.1;12*1.5;
Acura;RDX;RDX III;2.0 T;2019;235/55 R19;255/45 R20;;8 x 19 ET50;8 x 20 ET50;;5*114.3;64.1;12*1.5;
Acura;RDX;RDX III;2.0 T;2020;235/55 R19;255/45 R20;;8 x 19 ET50;8 x 20 ET50;;5*114.3;64.1;12*1.5;
Acura;RDX;RDX III;2.0 T;2021;235/55 R19;255/45 R20;;8 x 19 ET50;8 x 20 ET50;;5*114.3;64.1;12*1.5;
Acura;RDX;RDX III;2.0 T;2022;235/55 R19;255/45 R20;;8 x 19 ET50;8 x 20 ET50;;5*114.3;64.1;12*1.5;
Acura;RDX;RDX III;2.0 T;2023;235/55 R19;255/45 R20;;8 x 19 ET50;8 x 20 ET50;;5*114.3;64.1;12*1.5;
Acura;RDX;RDX III;2.0 T;2024;235/55 R19;255/45 R20;;8 x 19 ET50;8 x 20 ET50;;5*114.3;64.1;12*1.5;
Acura;RL;RL;3.5i;1995;215/60 R16|225/55 R16;235/50 R17|245/45 R18;;6.5 x 16 ET55|7 x 16 ET55;7.5 x 17 ET50|8 x 18 ET45;;5*114.3;64.1;12*1.5;
Acura;RL;RL;3.5i;1996;215/60 R16|225/55 R16;235/50 R17|245/45 R18;;6.5 x 16 ET55|7 x 16 ET55;7.5 x 17 ET50|8 x 18 ET45;;5*114.3;64.1;12*1.5;
Acura;RL;RL;3.5i;1997;215/60 R16|225/55 R16;235/50 R17|245/45 R18;;6.5 x 16 ET55|7 x 16 ET55;7.5 x 17 ET50|8 x 18 ET45;;5*114.3;64.1;12*1.5;
Acura;RL;RL;3.5i;1998;215/60 R16|225/55 R16;235/50 R17|245/45 R18;;6.5 x 16 ET55|7 x 16 ET55;7.5 x 17 ET50|8 x 18 ET45;;5*114.3;64.1;12*1.5;
Acura;RL;RL;3.5i;1999;215/60 R16|225/55 R16;235/50 R17|245/45 R18;;6.5 x 16 ET55|7 x 16 ET55;7.5 x 17 ET50|8 x 18 ET45;;5*114.3;64.1;12*1.5;
Acura;RL;RL;3.5i;2000;215/60 R16|225/55 R16;235/50 R17|245/45 R18;;6.5 x 16 ET55|7 x 16 ET55;7.5 x 17 ET50|8 x 18 ET45;;5*114.3;64.1;12*1.5;
Acura;RL;RL;3.5i;2001;215/60 R16|225/55 R16;235/50 R17|245/45 R18;;6.5 x 16 ET55|7 x 16 ET55;7.5 x 17 ET50|8 x 18 ET45;;5*114.3;64.1;12*1.5;
Acura;RL;RL;3.5i;2002;215/60 R16|225/55 R16;235/50 R17|245/45 R18;;6.5 x 16 ET55|7 x 16 ET55;7.5 x 17 ET50|8 x 18 ET45;;5*114.3;64.1;12*1.5;
Acura;RL;RL;3.5i;2003;215/60 R16|225/55 R16;235/50 R17|245/45 R18;;6.5 x 16 ET55|7 x 16 ET55;7.5 x 17 ET50|8 x 18 ET45;;5*114.3;64.1;12*1.5;
Acura;RL;RL;3.5i;2004;215/60 R16|225/55 R16;235/50 R17|245/45 R18;;6.5 x 16 ET55|7 x 16 ET55;7.5 x 17 ET50|8 x 18 ET45;;5*114.3;64.1;12*1.5;
Acura;RL;RL II;3.5i;2005;245/50 R17;245/45 R18|245/40 R19|255/40 R19;;8 x 17 ET55;8 x 18 ET55|8.5 x 19 ET50|9 x 19 ET45;;5*120;64.1;14*1.5;
Acura;RL;RL II;3.5i;2006;245/50 R17;245/45 R18|245/40 R19|255/40 R19;;8 x 17 ET55;8 x 18 ET55|8.5 x 19 ET50|9 x 19 ET45;;5*120;64.1;14*1.5;
Acura;RL;RL II;3.5i;2007;245/50 R17;245/45 R18|245/40 R19|255/40 R19;;8 x 17 ET55;8 x 18 ET55|8.5 x 19 ET50|9 x 19 ET45;;5*120;64.1;14*1.5;
Acura;RL;RL II;3.5i;2008;245/50 R17;245/45 R18|245/40 R19|255/40 R19;;8 x 17 ET55;8 x 18 ET55|8.5 x 19 ET50|9 x 19 ET45;;5*120;64.1;14*1.5;
Acura;RL;RL II;3.5i;2009;245/50 R17;245/45 R18|245/40 R19|255/40 R19;;8 x 17 ET55;8 x 18 ET55|8.5 x 19 ET50|9 x 19 ET45;;5*120;64.1;14*1.5;
Acura;RL;RL II;3.7i;2009;245/50 R17;245/45 R18|255/40 R19|255/35 R20;;8 x 17 ET55;8 x 18 ET55|8.5 x 19 ET50|9 x 20 ET45;;5*120;64.1;14*1.5;
Acura;RL;RL II;3.7i;2010;245/50 R17;245/45 R18|255/40 R19|255/35 R20;;8 x 17 ET55;8 x 18 ET55|8.5 x 19 ET50|9 x 20 ET45;;5*120;64.1;14*1.5;
Acura;RL;RL II;3.7i;2011;245/50 R17;245/45 R18|255/40 R19|255/35 R20;;8 x 17 ET55;8 x 18 ET55|8.5 x 19 ET50|9 x 20 ET45;;5*120;64.1;14*1.5;
Acura;RL;RL II;3.7i;2012;245/50 R17;245/45 R18|255/40 R19|255/35 R20;;8 x 17 ET55;8 x 18 ET55|8.5 x 19 ET50|9 x 20 ET45;;5*120;64.1;14*1.5;
Acura;RLX;RLX;3.5i;2013;245/40 R19;245/35 R20;;8 x 19 ET55;8.5 x 20 ET50;;5*120;70.1;14*1.5;
Acura;RLX;RLX;3.5i;2014;245/40 R19;245/35 R20;;8 x 19 ET55;8.5 x 20 ET50;;5*120;70.1;14*1.5;
Acura;RLX;RLX;3.5i;2015;245/40 R19;245/35 R20;;8 x 19 ET55;8.5 x 20 ET50;;5*120;70.1;14*1.5;
Acura;RLX;RLX;3.5i;2016;245/40 R19;245/35 R20;;8 x 19 ET55;8.5 x 20 ET50;;5*120;70.1;14*1.5;
Acura;RLX;RLX;3.5i;2017;245/40 R19;245/35 R20;;8 x 19 ET55;8.5 x 20 ET50;;5*120;70.1;14*1.5;
Acura;RLX;RLX;3.5i;2018;245/40 R19;245/35 R20;;8 x 19 ET55;8.5 x 20 ET50;;5*120;70.1;14*1.5;
Acura;RLX;RLX;3.5i;2019;245/40 R19;245/35 R20;;8 x 19 ET55;8.5 x 20 ET50;;5*120;70.1;14*1.5;
Acura;RLX;RLX;3.5i;2020;245/40 R19;245/35 R20;;8 x 19 ET55;8.5 x 20 ET50;;5*120;70.1;14*1.5;
Acura;RLX;RLX;3.5i;2021;245/40 R19;245/35 R20;;8 x 19 ET55;8.5 x 20 ET50;;5*120;70.1;14*1.5;
Acura;RLX;RLX;3.5i SH-AWD;2013;245/40 R19;255/35 R20;;8 x 19 ET55;9 x 20 ET45;;5*120;70.1;14*1.5;
Acura;RLX;RLX;3.5i SH-AWD;2014;245/40 R19;255/35 R20;;8 x 19 ET55;9 x 20 ET45;;5*120;70.1;14*1.5;
Acura;RLX;RLX;3.5i SH-AWD;2015;245/40 R19;255/35 R20;;8 x 19 ET55;9 x 20 ET45;;5*120;70.1;14*1.5;
Acura;RLX;RLX;3.5i SH-AWD;2016;245/40 R19;255/35 R20;;8 x 19 ET55;9 x 20 ET45;;5*120;70.1;14*1.5;
Acura;RLX;RLX;3.5i SH-AWD;2017;245/40 R19;255/35 R20;;8 x 19 ET55;9 x 20 ET45;;5*120;70.1;14*1.5;
Acura;RLX;RLX;3.5i SH-AWD;2018;245/40 R19;255/35 R20;;8 x 19 ET55;9 x 20 ET45;;5*120;70.1;14*1.5;
Acura;RLX;RLX;3.5i SH-AWD;2019;245/40 R19;255/35 R20;;8 x 19 ET55;9 x 20 ET45;;5*120;70.1;14*1.5;
Acura;RLX;RLX;3.5i SH-AWD;2020;245/40 R19;255/35 R20;;8 x 19 ET55;9 x 20 ET45;;5*120;70.1;14*1.5;
Acura;RLX;RLX;3.5i SH-AWD;2021;245/40 R19;255/35 R20;;8 x 19 ET55;9 x 20 ET45;;5*120;70.1;14*1.5;
Acura;RSX;RSX;2.0 i;2002;205/55 R16;225/50 R16|215/45 R17|225/45 R17|205/50 R17|225/40 R18|205/45 R18;;6.5 x 16 ET40;7 x 16 ET38|7 x 17 ET40|7.5 x 17 ET38|6.5 x 17 ET45|7.5 x 18 ET38|7 x 18 ET45;;5*114.3;64.1;12*1.5;
Acura;RSX;RSX;2.0 i;2003;205/55 R16;225/50 R16|215/45 R17|225/45 R17|205/50 R17|225/40 R18|205/45 R18;;6.5 x 16 ET40;7 x 16 ET38|7 x 17 ET40|7.5 x 17 ET38|6.5 x 17 ET45|7.5 x 18 ET38|7 x 18 ET45;;5*114.3;64.1;12*1.5;
Acura;RSX;RSX;2.0 i;2004;205/55 R16;225/50 R16|215/45 R17|225/45 R17|205/50 R17|225/40 R18|205/45 R18;;6.5 x 16 ET40;7 x 16 ET38|7 x 17 ET40|7.5 x 17 ET38|6.5 x 17 ET45|7.5 x 18 ET38|7 x 18 ET45;;5*114.3;64.1;12*1.5;
Acura;RSX;RSX;2.0 i;2005;205/55 R16;225/50 R16|215/45 R17|225/45 R17|205/50 R17|225/40 R18|205/45 R18;;6.5 x 16 ET40;7 x 16 ET38|7 x 17 ET40|7.5 x 17 ET38|6.5 x 17 ET45|7.5 x 18 ET38|7 x 18 ET45;;5*114.3;64.1;12*1.5;
Acura;RSX;RSX;2.0 i;2006;205/55 R16;225/50 R16|215/45 R17|225/45 R17|205/50 R17|225/40 R18|205/45 R18;;6.5 x 16 ET40;7 x 16 ET38|7 x 17 ET40|7.5 x 17 ET38|6.5 x 17 ET45|7.5 x 18 ET38|7 x 18 ET45;;5*114.3;64.1;12*1.5;
Acura;RSX;RSX;2.0 Type S;2002;225/45 R17;225/40 R18;;7 x 17 ET45;7.5 x 18 ET45;;5*114.3;64.1;12*1.5;
Acura;RSX;RSX;2.0 Type S;2003;225/45 R17;225/40 R18;;7 x 17 ET45;7.5 x 18 ET45;;5*114.3;64.1;12*1.5;
Acura;RSX;RSX;2.0 Type S;2004;225/45 R17;225/40 R18;;7 x 17 ET45;7.5 x 18 ET45;;5*114.3;64.1;12*1.5;
Acura;RSX;RSX;2.0 Type S;2005;225/45 R17;225/40 R18;;7 x 17 ET45;7.5 x 18 ET45;;5*114.3;64.1;12*1.5;
Acura;RSX;RSX;2.0 Type S;2006;225/45 R17;225/40 R18;;7 x 17 ET45;7.5 x 18 ET45;;5*114.3;64.1;12*1.5;
Acura;TL;TL;3.2 i;1999;205/60 R16|215/50 R17|235/45 R17;225/45 R18|235/40 R18|235/35 R19|245/35 R20;;6.5 x 16 ET55|6.5 x 17 ET55|7.5 x 17 ET47;8 x 18 ET42|8 x 18 ET42|8 x 19 ET42|8.5 x 20 ET42;;5*114.3;64.1;12*1.5;
Acura;TL;TL;3.2 i;2000;205/60 R16|215/50 R17|235/45 R17;225/45 R18|235/40 R18|235/35 R19|245/35 R20;;6.5 x 16 ET55|6.5 x 17 ET55|7.5 x 17 ET47;8 x 18 ET42|8 x 18 ET42|8 x 19 ET42|8.5 x 20 ET42;;5*114.3;64.1;12*1.5;
Acura;TL;TL;3.2 i;2001;205/60 R16|215/50 R17|235/45 R17;225/45 R18|235/40 R18|235/35 R19|245/35 R20;;6.5 x 16 ET55|6.5 x 17 ET55|7.5 x 17 ET47;8 x 18 ET42|8 x 18 ET42|8 x 19 ET42|8.5 x 20 ET42;;5*114.3;64.1;12*1.5;
Acura;TL;TL;3.2 i;2002;205/60 R16|215/50 R17|235/45 R17;225/45 R18|235/40 R18|235/35 R19|245/35 R20;;6.5 x 16 ET55|6.5 x 17 ET55|7.5 x 17 ET47;8 x 18 ET42|8 x 18 ET42|8 x 19 ET42|8.5 x 20 ET42;;5*114.3;64.1;12*1.5;
Acura;TL;TL;3.2i Type S;2001;215/50 R17|235/45 R17;225/45 R18|235/40 R18|235/35 R19|245/35 R20;;6.5 x 17 ET55|7.5 x 17 ET47;8 x 18 ET42|8 x 18 ET42|8 x 19 ET42|8.5 x 20 ET42;;5*114.3;64.1;12*1.5;
Acura;TL;TL;3.2i Type S;2002;215/50 R17|235/45 R17;225/45 R18|235/40 R18|235/35 R19|245/35 R20;;6.5 x 17 ET55|7.5 x 17 ET47;8 x 18 ET42|8 x 18 ET42|8 x 19 ET42|8.5 x 20 ET42;;5*114.3;64.1;12*1.5;
Acura;TL;TL;3.2i Type S;2003;215/50 R17|235/45 R17;225/45 R18|235/40 R18|235/35 R19|245/35 R20;;6.5 x 17 ET55|7.5 x 17 ET47;8 x 18 ET42|8 x 18 ET42|8 x 19 ET42|8.5 x 20 ET42;;5*114.3;64.1;12*1.5;
Acura;TL;TL III;3.2 Type S;2004;215/50 R17|235/45 R17;235/40 R18|225/45 R18|235/35 R19|245/35 R20;;6.5 x 17 ET55|7.5 x 17 ET47;8 x 18 ET42|8 x 18 ET42|8 x 19 ET42|8.5 x 20 ET42;;5*114.3;64.1;12*1.5;
Acura;TL;TL III;3.2 Type S;2005;215/50 R17|235/45 R17;235/40 R18|225/45 R18|235/35 R19|245/35 R20;;6.5 x 17 ET55|7.5 x 17 ET47;8 x 18 ET42|8 x 18 ET42|8 x 19 ET42|8.5 x 20 ET42;;5*114.3;64.1;12*1.5;
Acura;TL;TL III;3.2 Type S;2006;215/50 R17|235/45 R17;235/40 R18|225/45 R18|235/35 R19|245/35 R20;;6.5 x 17 ET55|7.5 x 17 ET47;8 x 18 ET42|8 x 18 ET42|8 x 19 ET42|8.5 x 20 ET42;;5*114.3;64.1;12*1.5;
Acura;TL;TL III;03.фев;2004;215/50 R17|235/45 R17;235/40 R18|225/45 R18|235/35 R19|245/35 R20;;6.5 x 17 ET55|7.5 x 17 ET47;8 x 18 ET42|8 x 18 ET42|8 x 19 ET42|8.5 x 20 ET42;;5*114.3;64.1;12*1.5;
Acura;TL;TL III;03.фев;2005;215/50 R17|235/45 R17;235/40 R18|225/45 R18|235/35 R19|245/35 R20;;6.5 x 17 ET55|7.5 x 17 ET47;8 x 18 ET42|8 x 18 ET42|8 x 19 ET42|8.5 x 20 ET42;;5*114.3;64.1;12*1.5;
Acura;TL;TL III;03.фев;2006;215/50 R17|235/45 R17;235/40 R18|225/45 R18|235/35 R19|245/35 R20;;6.5 x 17 ET55|7.5 x 17 ET47;8 x 18 ET42|8 x 18 ET42|8 x 19 ET42|8.5 x 20 ET42;;5*114.3;64.1;12*1.5;
Acura;TL;TL III;03.фев;2007;215/50 R17|235/45 R17;235/40 R18|225/45 R18|235/35 R19|245/35 R20;;6.5 x 17 ET55|7.5 x 17 ET47;8 x 18 ET42|8 x 18 ET42|8 x 19 ET42|8.5 x 20 ET42;;5*114.3;64.1;12*1.5;
Acura;TL;TL III;03.фев;2008;215/50 R17|235/45 R17;235/40 R18|225/45 R18|235/35 R19|245/35 R20;;6.5 x 17 ET55|7.5 x 17 ET47;8 x 18 ET42|8 x 18 ET42|8 x 19 ET42|8.5 x 20 ET42;;5*114.3;64.1;12*1.5;
Acura;TL;TL IV;3.5 Type S;2007;235/45 R17|245/50 R17|245/45 R18;215/50 R17|235/40 R18|225/45 R18|235/35 R19|255/40 R19|245/40 R19|245/35 R20|265/30 R20;;7.5 x 17 ET47|8 x 17 ET55|8 x 18 ET55;7.5 x 17 ET47|8 x 18 ET42|8 x 18 ET42|8 x 19 ET42|8.5 x 19 ET50|8 x 19 ET55|8.5 x 20 ET42|9 x 20 ET45;;5*120;64.1;14*1.5;
Acura;TL;TL IV;3.5 Type S;2008;235/45 R17|245/50 R17|245/45 R18;215/50 R17|235/40 R18|225/45 R18|235/35 R19|255/40 R19|245/40 R19|245/35 R20|265/30 R20;;7.5 x 17 ET47|8 x 17 ET55|8 x 18 ET55;7.5 x 17 ET47|8 x 18 ET42|8 x 18 ET42|8 x 19 ET42|8.5 x 19 ET50|8 x 19 ET55|8.5 x 20 ET42|9 x 20 ET45;;5*120;64.1;14*1.5;
Acura;TL;TL IV;3.5 Type S;2009;235/45 R17|245/50 R17|245/45 R18;215/50 R17|235/40 R18|225/45 R18|235/35 R19|255/40 R19|245/40 R19|245/35 R20|265/30 R20;;7.5 x 17 ET47|8 x 17 ET55|8 x 18 ET55;7.5 x 17 ET47|8 x 18 ET42|8 x 18 ET42|8 x 19 ET42|8.5 x 19 ET50|8 x 19 ET55|8.5 x 20 ET42|9 x 20 ET45;;5*120;64.1;14*1.5;
Acura;TL;TL IV;3.5 Type S;2010;235/45 R17|245/50 R17|245/45 R18;215/50 R17|235/40 R18|225/45 R18|235/35 R19|255/40 R19|245/40 R19|245/35 R20|265/30 R20;;7.5 x 17 ET47|8 x 17 ET55|8 x 18 ET55;7.5 x 17 ET47|8 x 18 ET42|8 x 18 ET42|8 x 19 ET42|8.5 x 19 ET50|8 x 19 ET55|8.5 x 20 ET42|9 x 20 ET45;;5*120;64.1;14*1.5;
Acura;TL;TL IV;3.5 Type S;2011;235/45 R17|245/50 R17|245/45 R18;215/50 R17|235/40 R18|225/45 R18|235/35 R19|255/40 R19|245/40 R19|245/35 R20|265/30 R20;;7.5 x 17 ET47|8 x 17 ET55|8 x 18 ET55;7.5 x 17 ET47|8 x 18 ET42|8 x 18 ET42|8 x 19 ET42|8.5 x 19 ET50|8 x 19 ET55|8.5 x 20 ET42|9 x 20 ET45;;5*120;64.1;14*1.5;
Acura;TL;TL IV;3.5 Type S;2012;235/45 R17|245/50 R17|245/45 R18;215/50 R17|235/40 R18|225/45 R18|235/35 R19|255/40 R19|245/40 R19|245/35 R20|265/30 R20;;7.5 x 17 ET47|8 x 17 ET55|8 x 18 ET55;7.5 x 17 ET47|8 x 18 ET42|8 x 18 ET42|8 x 19 ET42|8.5 x 19 ET50|8 x 19 ET55|8.5 x 20 ET42|9 x 20 ET45;;5*120;64.1;14*1.5;
Acura;TL;TL IV;3.5 Type S;2013;235/45 R17|245/50 R17|245/45 R18;215/50 R17|235/40 R18|225/45 R18|235/35 R19|255/40 R19|245/40 R19|245/35 R20|265/30 R20;;7.5 x 17 ET47|8 x 17 ET55|8 x 18 ET55;7.5 x 17 ET47|8 x 18 ET42|8 x 18 ET42|8 x 19 ET42|8.5 x 19 ET50|8 x 19 ET55|8.5 x 20 ET42|9 x 20 ET45;;5*120;64.1;14*1.5;
Acura;TL;TL IV;3.5 Type S;2014;235/45 R17|245/50 R17|245/45 R18;215/50 R17|235/40 R18|225/45 R18|235/35 R19|255/40 R19|245/40 R19|245/35 R20|265/30 R20;;7.5 x 17 ET47|8 x 17 ET55|8 x 18 ET55;7.5 x 17 ET47|8 x 18 ET42|8 x 18 ET42|8 x 19 ET42|8.5 x 19 ET50|8 x 19 ET55|8.5 x 20 ET42|9 x 20 ET45;;5*120;64.1;14*1.5;
Acura;TL;TL IV;3.5 V6;2007;235/45 R17|245/50 R17|245/45 R18;215/50 R17|235/40 R18|225/45 R18|235/35 R19|255/40 R19|245/40 R19|245/35 R20|265/30 R20;;7.5 x 17 ET47|8 x 17 ET55|8 x 18 ET55;7.5 x 17 ET47|8 x 18 ET42|8 x 18 ET42|8 x 19 ET42|8.5 x 19 ET50|8 x 19 ET55|8.5 x 20 ET42|9 x 20 ET45;;5*120;64.1;14*1.5;
Acura;TL;TL IV;3.5 V6;2008;235/45 R17|245/50 R17|245/45 R18;215/50 R17|235/40 R18|225/45 R18|235/35 R19|255/40 R19|245/40 R19|245/35 R20|265/30 R20;;7.5 x 17 ET47|8 x 17 ET55|8 x 18 ET55;7.5 x 17 ET47|8 x 18 ET42|8 x 18 ET42|8 x 19 ET42|8.5 x 19 ET50|8 x 19 ET55|8.5 x 20 ET42|9 x 20 ET45;;5*120;64.1;14*1.5;
Acura;TL;TL IV;3.5 V6;2009;235/45 R17|245/50 R17|245/45 R18;215/50 R17|235/40 R18|225/45 R18|235/35 R19|255/40 R19|245/40 R19|245/35 R20|265/30 R20;;7.5 x 17 ET47|8 x 17 ET55|8 x 18 ET55;7.5 x 17 ET47|8 x 18 ET42|8 x 18 ET42|8 x 19 ET42|8.5 x 19 ET50|8 x 19 ET55|8.5 x 20 ET42|9 x 20 ET45;;5*120;64.1;14*1.5;
Acura;TL;TL IV;3.5 V6;2010;235/45 R17|245/50 R17|245/45 R18;215/50 R17|235/40 R18|225/45 R18|235/35 R19|255/40 R19|245/40 R19|245/35 R20|265/30 R20;;7.5 x 17 ET47|8 x 17 ET55|8 x 18 ET55;7.5 x 17 ET47|8 x 18 ET42|8 x 18 ET42|8 x 19 ET42|8.5 x 19 ET50|8 x 19 ET55|8.5 x 20 ET42|9 x 20 ET45;;5*120;64.1;14*1.5;
Acura;TL;TL IV;3.5 V6;2011;235/45 R17|245/50 R17|245/45 R18;215/50 R17|235/40 R18|225/45 R18|235/35 R19|255/40 R19|245/40 R19|245/35 R20|265/30 R20;;7.5 x 17 ET47|8 x 17 ET55|8 x 18 ET55;7.5 x 17 ET47|8 x 18 ET42|8 x 18 ET42|8 x 19 ET42|8.5 x 19 ET50|8 x 19 ET55|8.5 x 20 ET42|9 x 20 ET45;;5*120;64.1;14*1.5;
Acura;TL;TL IV;3.5 V6;2012;235/45 R17|245/50 R17|245/45 R18;215/50 R17|235/40 R18|225/45 R18|235/35 R19|255/40 R19|245/40 R19|245/35 R20|265/30 R20;;7.5 x 17 ET47|8 x 17 ET55|8 x 18 ET55;7.5 x 17 ET47|8 x 18 ET42|8 x 18 ET42|8 x 19 ET42|8.5 x 19 ET50|8 x 19 ET55|8.5 x 20 ET42|9 x 20 ET45;;5*120;64.1;14*1.5;
Acura;TL;TL IV;3.5 V6;2013;235/45 R17|245/50 R17|245/45 R18;215/50 R17|235/40 R18|225/45 R18|235/35 R19|255/40 R19|245/40 R19|245/35 R20|265/30 R20;;7.5 x 17 ET47|8 x 17 ET55|8 x 18 ET55;7.5 x 17 ET47|8 x 18 ET42|8 x 18 ET42|8 x 19 ET42|8.5 x 19 ET50|8 x 19 ET55|8.5 x 20 ET42|9 x 20 ET45;;5*120;64.1;14*1.5;
Acura;TL;TL IV;3.5 V6;2014;235/45 R17|245/50 R17|245/45 R18;215/50 R17|235/40 R18|225/45 R18|235/35 R19|255/40 R19|245/40 R19|245/35 R20|265/30 R20;;7.5 x 17 ET47|8 x 17 ET55|8 x 18 ET55;7.5 x 17 ET47|8 x 18 ET42|8 x 18 ET42|8 x 19 ET42|8.5 x 19 ET50|8 x 19 ET55|8.5 x 20 ET42|9 x 20 ET45;;5*120;64.1;14*1.5;
Acura;TLX;TLX;02.апр;2014;225/55 R17;245/50 R17|225/50 R18;;7.5 x 17 ET50;7.5 x 17 ET50|8 x 18 ET55;;5*114.3;64.1;12*1.5;
Acura;TLX;TLX;02.апр;2015;225/55 R17;245/50 R17|225/50 R18;;7.5 x 17 ET50;7.5 x 17 ET50|8 x 18 ET55;;5*114.3;64.1;12*1.5;
Acura;TLX;TLX;02.апр;2016;225/55 R17;245/50 R17|225/50 R18;;7.5 x 17 ET50;7.5 x 17 ET50|8 x 18 ET55;;5*114.3;64.1;12*1.5;
Acura;TLX;TLX;02.апр;2017;225/55 R17;245/50 R17|225/50 R18;;7.5 x 17 ET50;7.5 x 17 ET50|8 x 18 ET55;;5*114.3;64.1;12*1.5;
Acura;TLX;TLX;02.апр;2018;225/55 R17;245/50 R17|225/50 R18;;7.5 x 17 ET50;7.5 x 17 ET50|8 x 18 ET55;;5*114.3;64.1;12*1.5;
Acura;TLX;TLX;02.апр;2019;225/55 R17;245/50 R17|225/50 R18;;7.5 x 17 ET50;7.5 x 17 ET50|8 x 18 ET55;;5*114.3;64.1;12*1.5;
Acura;TLX;TLX;02.апр;2020;225/55 R17;245/50 R17|225/50 R18;;7.5 x 17 ET50;7.5 x 17 ET50|8 x 18 ET55;;5*114.3;64.1;12*1.5;
Acura;TLX;TLX;3.5 V6;2014;225/50 R18;245/45 R18|245/40 R19|285/30 R20;;8.5 x 18 ET50;8.5 x 18 ET50|8.5 x 19 ET50|10 x 20 ET35;;5*114.3;64.1;12*1.5;
Acura;TLX;TLX;3.5 V6;2015;225/50 R18;245/45 R18|245/40 R19|285/30 R20;;8.5 x 18 ET50;8.5 x 18 ET50|8.5 x 19 ET50|10 x 20 ET35;;5*114.3;64.1;12*1.5;
Acura;TLX;TLX;3.5 V6;2016;225/50 R18;245/45 R18|245/40 R19|285/30 R20;;8.5 x 18 ET50;8.5 x 18 ET50|8.5 x 19 ET50|10 x 20 ET35;;5*114.3;64.1;12*1.5;
Acura;TLX;TLX;3.5 V6;2017;225/50 R18;245/45 R18|245/40 R19|285/30 R20;;8.5 x 18 ET50;8.5 x 18 ET50|8.5 x 19 ET50|10 x 20 ET35;;5*114.3;64.1;12*1.5;
Acura;TLX;TLX;3.5 V6;2018;225/50 R18;245/45 R18|245/40 R19|285/30 R20;;8.5 x 18 ET50;8.5 x 18 ET50|8.5 x 19 ET50|10 x 20 ET35;;5*114.3;64.1;12*1.5;
Acura;TLX;TLX;3.5 V6;2019;225/50 R18;245/45 R18|245/40 R19|285/30 R20;;8.5 x 18 ET50;8.5 x 18 ET50|8.5 x 19 ET50|10 x 20 ET35;;5*114.3;64.1;12*1.5;
Acura;TLX;TLX;3.5 V6;2020;225/50 R18;245/45 R18|245/40 R19|285/30 R20;;8.5 x 18 ET50;8.5 x 18 ET50|8.5 x 19 ET50|10 x 20 ET35;;5*114.3;64.1;12*1.5;
Acura;TLX;TLX;3.5i;2014;225/50 R18;245/45 R18|245/40 R19;;7.5 x 18 ET50;8 x 18 ET50|8.5 x 19 ET50;;5*114.3;64.1;12*1.5;
Acura;TLX;TLX;3.5i;2015;225/50 R18;245/45 R18|245/40 R19;;7.5 x 18 ET50;8 x 18 ET50|8.5 x 19 ET50;;5*114.3;64.1;12*1.5;
Acura;TLX;TLX;3.5i;2016;225/50 R18;245/45 R18|245/40 R19;;7.5 x 18 ET50;8 x 18 ET50|8.5 x 19 ET50;;5*114.3;64.1;12*1.5;
Acura;TLX;TLX;3.5i;2017;225/50 R18;245/45 R18|245/40 R19;;7.5 x 18 ET50;8 x 18 ET50|8.5 x 19 ET50;;5*114.3;64.1;12*1.5;
Acura;TLX;TLX;3.5i;2018;225/50 R18;245/45 R18|245/40 R19;;7.5 x 18 ET50;8 x 18 ET50|8.5 x 19 ET50;;5*114.3;64.1;12*1.5;
Acura;TLX;TLX;3.5i;2019;225/50 R18;245/45 R18|245/40 R19;;7.5 x 18 ET50;8 x 18 ET50|8.5 x 19 ET50;;5*114.3;64.1;12*1.5;
Acura;TLX;TLX;3.5i;2020;225/50 R18;245/45 R18|245/40 R19;;7.5 x 18 ET50;8 x 18 ET50|8.5 x 19 ET50;;5*114.3;64.1;12*1.5;
Acura;TLX;TLX II;2.0 T;2021;235/50 R18;255/40 R19;;8 x 18 ET50;8.5 x 19 ET50;;5*120;0;12*1.5;
Acura;TLX;TLX II;2.0 T;2022;235/50 R18;255/40 R19;;8 x 18 ET50;8.5 x 19 ET50;;5*120;0;12*1.5;
Acura;TLX;TLX II;2.0 T;2023;235/50 R18;255/40 R19;;8 x 18 ET50;8.5 x 19 ET50;;5*120;0;12*1.5;
Acura;TLX;TLX II;2.0 T;2024;235/50 R18;255/40 R19;;8 x 18 ET50;8.5 x 19 ET50;;5*120;0;12*1.5;
Acura;TLX-L;TLX-L;2.4i;2018;225/55 R17|245/45 R18;245/40 R19|245/35 R20;;7.5 x 17 ET50|8 x 18 ET50;8 x 19 ET50|8.5 x 20 ET45;;5*114.3;64.1;12*1.5;
Acura;TLX-L;TLX-L;2.4i;2019;225/55 R17|245/45 R18;245/40 R19|245/35 R20;;7.5 x 17 ET50|8 x 18 ET50;8 x 19 ET50|8.5 x 20 ET45;;5*114.3;64.1;12*1.5;
Acura;TLX-L;TLX-L;2.4i;2020;225/55 R17|245/45 R18;245/40 R19|245/35 R20;;7.5 x 17 ET50|8 x 18 ET50;8 x 19 ET50|8.5 x 20 ET45;;5*114.3;64.1;12*1.5;
Acura;TLX-L;TLX-L;2.4i;2021;225/55 R17|245/45 R18;245/40 R19|245/35 R20;;7.5 x 17 ET50|8 x 18 ET50;8 x 19 ET50|8.5 x 20 ET45;;5*114.3;64.1;12*1.5;
Acura;TSX;TSX;2.4i;2003;215/50 R17;225/45 R17|225/40 R18|235/40 R18;;7 x 17 ET55;7.5 x 17 ET55|7.5 x 18 ET55|8 x 18 ET50;;5*114.3;64.1;12*1.5;
Acura;TSX;TSX;2.4i;2004;215/50 R17;225/45 R17|225/40 R18|235/40 R18;;7 x 17 ET55;7.5 x 17 ET55|7.5 x 18 ET55|8 x 18 ET50;;5*114.3;64.1;12*1.5;
Acura;TSX;TSX;2.4i;2005;215/50 R17;225/45 R17|225/40 R18|235/40 R18;;7 x 17 ET55;7.5 x 17 ET55|7.5 x 18 ET55|8 x 18 ET50;;5*114.3;64.1;12*1.5;
Acura;TSX;TSX;2.4i;2006;215/50 R17;225/45 R17|225/40 R18|235/40 R18;;7 x 17 ET55;7.5 x 17 ET55|7.5 x 18 ET55|8 x 18 ET50;;5*114.3;64.1;12*1.5;
Acura;TSX;TSX;2.4i;2007;215/50 R17;225/45 R17|225/40 R18|235/40 R18;;7 x 17 ET55;7.5 x 17 ET55|7.5 x 18 ET55|8 x 18 ET50;;5*114.3;64.1;12*1.5;
Acura;TSX;TSX;2.4i;2008;215/50 R17;225/45 R17|225/40 R18|235/40 R18;;7 x 17 ET55;7.5 x 17 ET55|7.5 x 18 ET55|8 x 18 ET50;;5*114.3;64.1;12*1.5;
Acura;TSX;TSX II (CU2);2.4i;2008;225/50 R17|235/45 R18;245/40 R19;245/30 R20;7 x 17 ET47|8 x 18 ET45;8 x 19 ET42;8.5 x 20 ET40;5*114.3;64.1;12*1.5;
Acura;TSX;TSX II (CU2);2.4i;2009;225/50 R17|235/45 R18;245/40 R19;245/30 R20;7 x 17 ET47|8 x 18 ET45;8 x 19 ET42;8.5 x 20 ET40;5*114.3;64.1;12*1.5;
Acura;TSX;TSX II (CU2);2.4i;2010;225/50 R17|235/45 R18;245/40 R19;245/30 R20;7 x 17 ET47|8 x 18 ET45;8 x 19 ET42;8.5 x 20 ET40;5*114.3;64.1;12*1.5;
Acura;TSX;TSX II (CU2);2.4i;2011;225/50 R17|235/45 R18;245/40 R19;245/30 R20;7 x 17 ET47|8 x 18 ET45;8 x 19 ET42;8.5 x 20 ET40;5*114.3;64.1;12*1.5;
Acura;TSX;TSX II (CU2);2.4i;2012;225/50 R17|235/45 R18;245/40 R19;245/30 R20;7 x 17 ET47|8 x 18 ET45;8 x 19 ET42;8.5 x 20 ET40;5*114.3;64.1;12*1.5;
Acura;TSX;TSX II (CU2);2.4i;2013;225/50 R17|235/45 R18;245/40 R19;245/30 R20;7 x 17 ET47|8 x 18 ET45;8 x 19 ET42;8.5 x 20 ET40;5*114.3;64.1;12*1.5;
Acura;TSX;TSX II (CU2);2.4i;2014;225/50 R17|235/45 R18;245/40 R19;245/30 R20;7 x 17 ET47|8 x 18 ET45;8 x 19 ET42;8.5 x 20 ET40;5*114.3;64.1;12*1.5;
Acura;TSX;TSX II (CU2);3.5 V6;2010;225/50 R17|235/45 R18;245/40 R19;245/30 R20;7 x 17 ET47|8 x 18 ET45;8 x 19 ET42;8.5 x 20 ET40;5*114.3;64.1;12*1.5;
Acura;TSX;TSX II (CU2);3.5 V6;2011;225/50 R17|235/45 R18;245/40 R19;245/30 R20;7 x 17 ET47|8 x 18 ET45;8 x 19 ET42;8.5 x 20 ET40;5*114.3;64.1;12*1.5;
Acura;TSX;TSX II (CU2);3.5 V6;2012;225/50 R17|235/45 R18;245/40 R19;245/30 R20;7 x 17 ET47|8 x 18 ET45;8 x 19 ET42;8.5 x 20 ET40;5*114.3;64.1;12*1.5;
Acura;TSX;TSX II (CU2);3.5 V6;2013;225/50 R17|235/45 R18;245/40 R19;245/30 R20;7 x 17 ET47|8 x 18 ET45;8 x 19 ET42;8.5 x 20 ET40;5*114.3;64.1;12*1.5;
Acura;TSX;TSX II (CU2);3.5 V6;2014;225/50 R17|235/45 R18;245/40 R19;245/30 R20;7 x 17 ET47|8 x 18 ET45;8 x 19 ET42;8.5 x 20 ET40;5*114.3;64.1;12*1.5;
Acura;ZDX;ZDX;3.7i;2010;255/55 R19;275/45 R19|275/40 R20;;8.5 x 19 ET50;8.5 x 19 ET45|8.5 x 20 ET50;;5*120;64.1;14*1.5;
Acura;ZDX;ZDX;3.7i;2011;255/55 R19;275/45 R19|275/40 R20;;8.5 x 19 ET50;8.5 x 19 ET45|8.5 x 20 ET50;;5*120;64.1;14*1.5;
Acura;ZDX;ZDX;3.7i;2012;255/55 R19;275/45 R19|275/40 R20;;8.5 x 19 ET50;8.5 x 19 ET45|8.5 x 20 ET50;;5*120;64.1;14*1.5;
Acura;ZDX;ZDX;3.7i;2013;255/55 R19;275/45 R19|275/40 R20;;8.5 x 19 ET50;8.5 x 19 ET45|8.5 x 20 ET50;;5*120;64.1;14*1.5;
Alfa Romeo;146;146;1.7 i e;1994;175/65 R14;185/60 R14|195/50 R15|195/55 R15|205/50 R15|215/45 R15|205/45 R16|215/40 R16|205/40 R17|215/35 R17;;6 x 14 ET35;7 x 15 ET37|7 x 16 ET38|7.5 x 17 ET35;;4*98;58.1;;12*1.25
Alfa Romeo;146;146;1.7 i e;1995;175/65 R14;185/60 R14|195/50 R15|195/55 R15|205/50 R15|215/45 R15|205/45 R16|215/40 R16|205/40 R17|215/35 R17;;6 x 14 ET35;7 x 15 ET37|7 x 16 ET38|7.5 x 17 ET35;;4*98;58.1;;12*1.25
Alfa Romeo;146;146;1.7 i e;1996;175/65 R14;185/60 R14|195/50 R15|195/55 R15|205/50 R15|215/45 R15|205/45 R16|215/40 R16|205/40 R17|215/35 R17;;6 x 14 ET35;7 x 15 ET37|7 x 16 ET38|7.5 x 17 ET35;;4*98;58.1;;12*1.25
Alfa Romeo;146;146;1.7 i e;1997;175/65 R14;185/60 R14|195/50 R15|195/55 R15|205/50 R15|215/45 R15|205/45 R16|215/40 R16|205/40 R17|215/35 R17;;6 x 14 ET35;7 x 15 ET37|7 x 16 ET38|7.5 x 17 ET35;;4*98;58.1;;12*1.25
Alfa Romeo;146;146;1.7 i e;1998;175/65 R14;185/60 R14|195/50 R15|195/55 R15|205/50 R15|215/45 R15|205/45 R16|215/40 R16|205/40 R17|215/35 R17;;6 x 14 ET35;7 x 15 ET37|7 x 16 ET38|7.5 x 17 ET35;;4*98;58.1;;12*1.25
Alfa Romeo;146;146;1.7 i e;1999;175/65 R14;185/60 R14|195/50 R15|195/55 R15|205/50 R15|215/45 R15|205/45 R16|215/40 R16|205/40 R17|215/35 R17;;6 x 14 ET35;7 x 15 ET37|7 x 16 ET38|7.5 x 17 ET35;;4*98;58.1;;12*1.25
Alfa Romeo;146;146;1.7 i e;2000;175/65 R14;185/60 R14|195/50 R15|195/55 R15|205/50 R15|215/45 R15|205/45 R16|215/40 R16|205/40 R17|215/35 R17;;6 x 14 ET35;7 x 15 ET37|7 x 16 ET38|7.5 x 17 ET35;;4*98;58.1;;12*1.25
Alfa Romeo;146;146;1.7 i e;2001;175/65 R14;185/60 R14|195/50 R15|195/55 R15|205/50 R15|215/45 R15|205/45 R16|215/40 R16|205/40 R17|215/35 R17;;6 x 14 ET35;7 x 15 ET37|7 x 16 ET38|7.5 x 17 ET35;;4*98;58.1;;12*1.25
Alfa Romeo;146;146;1.9 TD;1994;175/65 R14;185/60 R14|195/50 R15|195/55 R15|205/50 R15|215/45 R15|205/45 R16|215/40 R16|205/40 R17|215/35 R17;;6 x 14 ET35;;;4*98;58.1;;12*1.25
Alfa Romeo;146;146;1.9 TD;1995;175/65 R14;185/60 R14|195/50 R15|195/55 R15|205/50 R15|215/45 R15|205/45 R16|215/40 R16|205/40 R17|215/35 R17;;6 x 14 ET35;;;4*98;58.1;;12*1.25
Alfa Romeo;146;146;1.9 TD;1996;175/65 R14;185/60 R14|195/50 R15|195/55 R15|205/50 R15|215/45 R15|205/45 R16|215/40 R16|205/40 R17|215/35 R17;;6 x 14 ET35;;;4*98;58.1;;12*1.25
Alfa Romeo;146;146;1.9 TD;1997;175/65 R14;185/60 R14|195/50 R15|195/55 R15|205/50 R15|215/45 R15|205/45 R16|215/40 R16|205/40 R17|215/35 R17;;6 x 14 ET35;;;4*98;58.1;;12*1.25
Alfa Romeo;146;146;1.9 TD;1998;175/65 R14;185/60 R14|195/50 R15|195/55 R15|205/50 R15|215/45 R15|205/45 R16|215/40 R16|205/40 R17|215/35 R17;;6 x 14 ET35;;;4*98;58.1;;12*1.25
Alfa Romeo;146;146;1.9 TD;1999;175/65 R14;185/60 R14|195/50 R15|195/55 R15|205/50 R15|215/45 R15|205/45 R16|215/40 R16|205/40 R17|215/35 R17;;6 x 14 ET35;;;4*98;58.1;;12*1.25
Alfa Romeo;146;146;2.0 T.S.;1995;195/55 R15;205/50 R15|215/45 R15|205/45 R16|215/40 R16|205/40 R17|215/35 R17|225/35 R17;;7 x 15 ET37;7 x 16 ET38|7.5 x 17 ET35;;4*98;58.1;;12*1.25
Alfa Romeo;146;146;2.0 T.S.;1996;195/55 R15;205/50 R15|215/45 R15|205/45 R16|215/40 R16|205/40 R17|215/35 R17|225/35 R17;;7 x 15 ET37;7 x 16 ET38|7.5 x 17 ET35;;4*98;58.1;;12*1.25
Alfa Romeo;146;146;2.0 T.S.;1997;195/55 R15;205/50 R15|215/45 R15|205/45 R16|215/40 R16|205/40 R17|215/35 R17|225/35 R17;;7 x 15 ET37;7 x 16 ET38|7.5 x 17 ET35;;4*98;58.1;;12*1.25
Alfa Romeo;146;146;2.0 T.S.;1998;195/55 R15;205/50 R15|215/45 R15|205/45 R16|215/40 R16|205/40 R17|215/35 R17|225/35 R17;;7 x 15 ET37;7 x 16 ET38|7.5 x 17 ET35;;4*98;58.1;;12*1.25
Alfa Romeo;146;146;2.0 T.S.;1999;195/55 R15;205/50 R15|215/45 R15|205/45 R16|215/40 R16|205/40 R17|215/35 R17|225/35 R17;;7 x 15 ET37;7 x 16 ET38|7.5 x 17 ET35;;4*98;58.1;;12*1.25
Alfa Romeo;146;146;2.0 T.S.;2000;195/55 R15;205/50 R15|215/45 R15|205/45 R16|215/40 R16|205/40 R17|215/35 R17|225/35 R17;;7 x 15 ET37;7 x 16 ET38|7.5 x 17 ET35;;4*98;58.1;;12*1.25
Alfa Romeo;146;146;2.0 T.S.;2001;195/55 R15;205/50 R15|215/45 R15|205/45 R16|215/40 R16|205/40 R17|215/35 R17|225/35 R17;;7 x 15 ET37;7 x 16 ET38|7.5 x 17 ET35;;4*98;58.1;;12*1.25
Alfa Romeo;146;146;1.6 i T.S.;1996;175/65 R14;185/60 R14|195/50 R15|195/55 R15|205/50 R15|215/45 R15|205/45 R16|215/40 R16|205/40 R17|215/35 R17;;6 x 14 ET35;7 x 15 ET37|7 x 16 ET38|7.5 x 17 ET35;;4*98;58.1;;12*1.25
Alfa Romeo;146;146;1.6 i T.S.;1997;175/65 R14;185/60 R14|195/50 R15|195/55 R15|205/50 R15|215/45 R15|205/45 R16|215/40 R16|205/40 R17|215/35 R17;;6 x 14 ET35;7 x 15 ET37|7 x 16 ET38|7.5 x 17 ET35;;4*98;58.1;;12*1.25
Alfa Romeo;146;146;1.6 i T.S.;1998;175/65 R14;185/60 R14|195/50 R15|195/55 R15|205/50 R15|215/45 R15|205/45 R16|215/40 R16|205/40 R17|215/35 R17;;6 x 14 ET35;7 x 15 ET37|7 x 16 ET38|7.5 x 17 ET35;;4*98;58.1;;12*1.25
Alfa Romeo;146;146;1.6 i T.S.;1999;175/65 R14;185/60 R14|195/50 R15|195/55 R15|205/50 R15|215/45 R15|205/45 R16|215/40 R16|205/40 R17|215/35 R17;;6 x 14 ET35;7 x 15 ET37|7 x 16 ET38|7.5 x 17 ET35;;4*98;58.1;;12*1.25
Alfa Romeo;146;146;1.6 i T.S.;2000;175/65 R14;185/60 R14|195/50 R15|195/55 R15|205/50 R15|215/45 R15|205/45 R16|215/40 R16|205/40 R17|215/35 R17;;6 x 14 ET35;7 x 15 ET37|7 x 16 ET38|7.5 x 17 ET35;;4*98;58.1;;12*1.25
Alfa Romeo;146;146;1.6 i T.S.;2001;175/65 R14;185/60 R14|195/50 R15|195/55 R15|205/50 R15|215/45 R15|205/45 R16|215/40 R16|205/40 R17|215/35 R17;;6 x 14 ET35;7 x 15 ET37|7 x 16 ET38|7.5 x 17 ET35;;4*98;58.1;;12*1.25
Alfa Romeo;146;146;1.4 i T. Spark;1997;175/65 R14;185/60 R14|195/50 R15|195/55 R15|205/50 R15|215/45 R15|205/45 R16|215/40 R16|205/40 R17|215/35 R17;;6 x 14 ET35;7 x 15 ET37|7 x 16 ET38|7.5 x 17 ET35;;4*98;58.1;;12*1.25
Alfa Romeo;146;146;1.4 i T. Spark;1998;175/65 R14;185/60 R14|195/50 R15|195/55 R15|205/50 R15|215/45 R15|205/45 R16|215/40 R16|205/40 R17|215/35 R17;;6 x 14 ET35;7 x 15 ET37|7 x 16 ET38|7.5 x 17 ET35;;4*98;58.1;;12*1.25
Alfa Romeo;146;146;1.4 i T. Spark;1999;175/65 R14;185/60 R14|195/50 R15|195/55 R15|205/50 R15|215/45 R15|205/45 R16|215/40 R16|205/40 R17|215/35 R17;;6 x 14 ET35;7 x 15 ET37|7 x 16 ET38|7.5 x 17 ET35;;4*98;58.1;;12*1.25
Alfa Romeo;146;146;1.4 i T. Spark;2000;175/65 R14;185/60 R14|195/50 R15|195/55 R15|205/50 R15|215/45 R15|205/45 R16|215/40 R16|205/40 R17|215/35 R17;;6 x 14 ET35;7 x 15 ET37|7 x 16 ET38|7.5 x 17 ET35;;4*98;58.1;;12*1.25
Alfa Romeo;146;146;1.4 i T. Spark;2001;175/65 R14;185/60 R14|195/50 R15|195/55 R15|205/50 R15|215/45 R15|205/45 R16|215/40 R16|205/40 R17|215/35 R17;;6 x 14 ET35;7 x 15 ET37|7 x 16 ET38|7.5 x 17 ET35;;4*98;58.1;;12*1.25
Alfa Romeo;146;146;1.7 i T.S.;1998;185/60 R14;195/50 R15|195/55 R15|205/50 R15|215/45 R15|205/45 R16|215/40 R16|205/40 R17|215/35 R17;;6 x 14 ET35;7 x 15 ET37|7 x 16 ET38|7.5 x 17 ET35;;4*98;58.1;;12*1.25
Alfa Romeo;146;146;1.7 i T.S.;1999;185/60 R14;195/50 R15|195/55 R15|205/50 R15|215/45 R15|205/45 R16|215/40 R16|205/40 R17|215/35 R17;;6 x 14 ET35;7 x 15 ET37|7 x 16 ET38|7.5 x 17 ET35;;4*98;58.1;;12*1.25
Alfa Romeo;146;146;1.7 i T.S.;2000;185/60 R14;195/50 R15|195/55 R15|205/50 R15|215/45 R15|205/45 R16|215/40 R16|205/40 R17|215/35 R17;;6 x 14 ET35;7 x 15 ET37|7 x 16 ET38|7.5 x 17 ET35;;4*98;58.1;;12*1.25
Alfa Romeo;146;146;1.7 i T.S.;2001;185/60 R14;195/50 R15|195/55 R15|205/50 R15|215/45 R15|205/45 R16|215/40 R16|205/40 R17|215/35 R17;;6 x 14 ET35;7 x 15 ET37|7 x 16 ET38|7.5 x 17 ET35;;4*98;58.1;;12*1.25
Alfa Romeo;146;146;2.0 Qudrifoglio;1998;195/55 R15;205/50 R15|215/45 R15|205/45 R16|215/40 R16|205/40 R17|215/35 R17;;7 x 15 ET37;7 x 16 ET38|7.5 x 17 ET35;;4*98;58.1;;12*1.25
Alfa Romeo;146;146;2.0 Qudrifoglio;1999;195/55 R15;205/50 R15|215/45 R15|205/45 R16|215/40 R16|205/40 R17|215/35 R17;;7 x 15 ET37;7 x 16 ET38|7.5 x 17 ET35;;4*98;58.1;;12*1.25
Alfa Romeo;146;146;2.0 Qudrifoglio;2000;195/55 R15;205/50 R15|215/45 R15|205/45 R16|215/40 R16|205/40 R17|215/35 R17;;7 x 15 ET37;7 x 16 ET38|7.5 x 17 ET35;;4*98;58.1;;12*1.25
Alfa Romeo;146;146;2.0 Qudrifoglio;2001;195/55 R15;205/50 R15|215/45 R15|205/45 R16|215/40 R16|205/40 R17|215/35 R17;;7 x 15 ET37;7 x 16 ET38|7.5 x 17 ET35;;4*98;58.1;;12*1.25
Alfa Romeo;146;146;1.4 i e;1994;175/65 R14;185/60 R14|195/50 R15|195/55 R15|205/50 R15|215/45 R15|205/45 R16|215/40 R16|205/40 R17|215/35 R17;;6 x 14 ET35;7 x 15 ET37|7 x 16 ET38|7.5 x 17 ET35;;4*98;58.1;;12*1.25
Alfa Romeo;146;146;1.4 i e;1995;175/65 R14;185/60 R14|195/50 R15|195/55 R15|205/50 R15|215/45 R15|205/45 R16|215/40 R16|205/40 R17|215/35 R17;;6 x 14 ET35;7 x 15 ET37|7 x 16 ET38|7.5 x 17 ET35;;4*98;58.1;;12*1.25
Alfa Romeo;146;146;1.4 i e;1996;175/65 R14;185/60 R14|195/50 R15|195/55 R15|205/50 R15|215/45 R15|205/45 R16|215/40 R16|205/40 R17|215/35 R17;;6 x 14 ET35;7 x 15 ET37|7 x 16 ET38|7.5 x 17 ET35;;4*98;58.1;;12*1.25
Alfa Romeo;146;146;1.4 i e;1997;175/65 R14;185/60 R14|195/50 R15|195/55 R15|205/50 R15|215/45 R15|205/45 R16|215/40 R16|205/40 R17|215/35 R17;;6 x 14 ET35;7 x 15 ET37|7 x 16 ET38|7.5 x 17 ET35;;4*98;58.1;;12*1.25
Alfa Romeo;146;146;1.4 i e;1998;175/65 R14;185/60 R14|195/50 R15|195/55 R15|205/50 R15|215/45 R15|205/45 R16|215/40 R16|205/40 R17|215/35 R17;;6 x 14 ET35;7 x 15 ET37|7 x 16 ET38|7.5 x 17 ET35;;4*98;58.1;;12*1.25
Alfa Romeo;146;146;1.4 i e;1999;175/65 R14;185/60 R14|195/50 R15|195/55 R15|205/50 R15|215/45 R15|205/45 R16|215/40 R16|205/40 R17|215/35 R17;;6 x 14 ET35;7 x 15 ET37|7 x 16 ET38|7.5 x 17 ET35;;4*98;58.1;;12*1.25
Alfa Romeo;146;146;1.4 i e;2000;175/65 R14;185/60 R14|195/50 R15|195/55 R15|205/50 R15|215/45 R15|205/45 R16|215/40 R16|205/40 R17|215/35 R17;;6 x 14 ET35;7 x 15 ET37|7 x 16 ET38|7.5 x 17 ET35;;4*98;58.1;;12*1.25
Alfa Romeo;146;146;1.4 i e;2001;175/65 R14;185/60 R14|195/50 R15|195/55 R15|205/50 R15|215/45 R15|205/45 R16|215/40 R16|205/40 R17|215/35 R17;;6 x 14 ET35;7 x 15 ET37|7 x 16 ET38|7.5 x 17 ET35;;4*98;58.1;;12*1.25
Alfa Romeo;146;146;1.6 i e;1994;175/65 R14;185/60 R14|195/50 R15|195/55 R15|205/50 R15|215/45 R15|205/45 R16|215/40 R16|205/40 R17|215/35 R17;;6 x 14 ET35;7 x 15 ET37|7 x 16 ET38|7.5 x 17 ET35;;4*98;58.1;;12*1.25
Alfa Romeo;146;146;1.6 i e;1995;175/65 R14;185/60 R14|195/50 R15|195/55 R15|205/50 R15|215/45 R15|205/45 R16|215/40 R16|205/40 R17|215/35 R17;;6 x 14 ET35;7 x 15 ET37|7 x 16 ET38|7.5 x 17 ET35;;4*98;58.1;;12*1.25
Alfa Romeo;146;146;1.6 i e;1996;175/65 R14;185/60 R14|195/50 R15|195/55 R15|205/50 R15|215/45 R15|205/45 R16|215/40 R16|205/40 R17|215/35 R17;;6 x 14 ET35;7 x 15 ET37|7 x 16 ET38|7.5 x 17 ET35;;4*98;58.1;;12*1.25
Alfa Romeo;147;147;1.6 i;1998;205/50 R16;205/55 R16|215/50 R16|225/45 R16|225/50 R16|215/45 R17|225/45 R17|235/40 R17|215/40 R18|225/35 R18;;6 x 16 ET38;7.5 x 16 ET35|7 x 17 ET38|8 x 17 ET31|7.5 x 18 ET35;;5*98;58.1;;12*1.25
Alfa Romeo;147;147;1.6 i;1999;205/50 R16;205/55 R16|215/50 R16|225/45 R16|225/50 R16|215/45 R17|225/45 R17|235/40 R17|215/40 R18|225/35 R18;;6 x 16 ET38;7.5 x 16 ET35|7 x 17 ET38|8 x 17 ET31|7.5 x 18 ET35;;5*98;58.1;;12*1.25
Alfa Romeo;147;147;1.6 i;2000;205/50 R16;205/55 R16|215/50 R16|225/45 R16|225/50 R16|215/45 R17|225/45 R17|235/40 R17|215/40 R18|225/35 R18;;6 x 16 ET38;7.5 x 16 ET35|7 x 17 ET38|8 x 17 ET31|7.5 x 18 ET35;;5*98;58.1;;12*1.25
Alfa Romeo;147;147;1.6 i;2001;205/50 R16;205/55 R16|215/50 R16|225/45 R16|225/50 R16|215/45 R17|225/45 R17|235/40 R17|215/40 R18|225/35 R18;;6 x 16 ET38;7.5 x 16 ET35|7 x 17 ET38|8 x 17 ET31|7.5 x 18 ET35;;5*98;58.1;;12*1.25
Alfa Romeo;147;147;1.6 i;2002;205/50 R16;205/55 R16|215/50 R16|225/45 R16|225/50 R16|215/45 R17|225/45 R17|235/40 R17|215/40 R18|225/35 R18;;6 x 16 ET38;7.5 x 16 ET35|7 x 17 ET38|8 x 17 ET31|7.5 x 18 ET35;;5*98;58.1;;12*1.25
Alfa Romeo;147;147;1.6 i;2003;205/50 R16;205/55 R16|215/50 R16|225/45 R16|225/50 R16|215/45 R17|225/45 R17|235/40 R17|215/40 R18|225/35 R18;;6 x 16 ET38;7.5 x 16 ET35|7 x 17 ET38|8 x 17 ET31|7.5 x 18 ET35;;5*98;58.1;;12*1.25
Alfa Romeo;147;147;1.6 i;2004;205/50 R16;205/55 R16|215/50 R16|225/45 R16|225/50 R16|215/45 R17|225/45 R17|235/40 R17|215/40 R18|225/35 R18;;6 x 16 ET38;7.5 x 16 ET35|7 x 17 ET38|8 x 17 ET31|7.5 x 18 ET35;;5*98;58.1;;12*1.25
Alfa Romeo;147;147;1.6 i;2005;205/50 R16;205/55 R16|215/50 R16|225/45 R16|225/50 R16|215/45 R17|225/45 R17|235/40 R17|215/40 R18|225/35 R18;;6 x 16 ET38;7.5 x 16 ET35|7 x 17 ET38|8 x 17 ET31|7.5 x 18 ET35;;5*98;58.1;;12*1.25
Alfa Romeo;147;147;1.6 i;2006;205/50 R16;205/55 R16|215/50 R16|225/45 R16|225/50 R16|215/45 R17|225/45 R17|235/40 R17|215/40 R18|225/35 R18;;6 x 16 ET38;7.5 x 16 ET35|7 x 17 ET38|8 x 17 ET31|7.5 x 18 ET35;;5*98;58.1;;12*1.25
Alfa Romeo;147;147;1.6 i;2007;205/50 R16;205/55 R16|215/50 R16|225/45 R16|225/50 R16|215/45 R17|225/45 R17|235/40 R17|215/40 R18|225/35 R18;;6 x 16 ET38;7.5 x 16 ET35|7 x 17 ET38|8 x 17 ET31|7.5 x 18 ET35;;5*98;58.1;;12*1.25
Alfa Romeo;147;147;1.6 i;2008;205/50 R16;205/55 R16|215/50 R16|225/45 R16|225/50 R16|215/45 R17|225/45 R17|235/40 R17|215/40 R18|225/35 R18;;6 x 16 ET38;7.5 x 16 ET35|7 x 17 ET38|8 x 17 ET31|7.5 x 18 ET35;;5*98;58.1;;12*1.25
Alfa Romeo;147;147;1.6 i;2009;205/50 R16;205/55 R16|215/50 R16|225/45 R16|225/50 R16|215/45 R17|225/45 R17|235/40 R17|215/40 R18|225/35 R18;;6 x 16 ET38;7.5 x 16 ET35|7 x 17 ET38|8 x 17 ET31|7.5 x 18 ET35;;5*98;58.1;;12*1.25
Alfa Romeo;147;147;1.6 i;2010;205/50 R16;205/55 R16|215/50 R16|225/45 R16|225/50 R16|215/45 R17|225/45 R17|235/40 R17|215/40 R18|225/35 R18;;6 x 16 ET38;7.5 x 16 ET35|7 x 17 ET38|8 x 17 ET31|7.5 x 18 ET35;;5*98;58.1;;12*1.25
Alfa Romeo;147;147;1.6 i T. Spark;1998;205/50 R16;205/55 R16|215/50 R16|225/45 R16|225/50 R16|215/45 R17|225/45 R17|235/40 R17|215/40 R18|225/35 R18;;6 x 16 ET38;7.5 x 16 ET35|7 x 17 ET38|8 x 17 ET31|7.5 x 18 ET35;;5*98;58.1;;12*1.25
Alfa Romeo;147;147;1.6 i T. Spark;1999;205/50 R16;205/55 R16|215/50 R16|225/45 R16|225/50 R16|215/45 R17|225/45 R17|235/40 R17|215/40 R18|225/35 R18;;6 x 16 ET38;7.5 x 16 ET35|7 x 17 ET38|8 x 17 ET31|7.5 x 18 ET35;;5*98;58.1;;12*1.25
Alfa Romeo;147;147;1.6 i T. Spark;2000;205/50 R16;205/55 R16|215/50 R16|225/45 R16|225/50 R16|215/45 R17|225/45 R17|235/40 R17|215/40 R18|225/35 R18;;6 x 16 ET38;7.5 x 16 ET35|7 x 17 ET38|8 x 17 ET31|7.5 x 18 ET35;;5*98;58.1;;12*1.25
Alfa Romeo;147;147;1.6 i T. Spark;2001;205/50 R16;205/55 R16|215/50 R16|225/45 R16|225/50 R16|215/45 R17|225/45 R17|235/40 R17|215/40 R18|225/35 R18;;6 x 16 ET38;7.5 x 16 ET35|7 x 17 ET38|8 x 17 ET31|7.5 x 18 ET35;;5*98;58.1;;12*1.25
Alfa Romeo;147;147;1.6 i T. Spark;2002;205/50 R16;205/55 R16|215/50 R16|225/45 R16|225/50 R16|215/45 R17|225/45 R17|235/40 R17|215/40 R18|225/35 R18;;6 x 16 ET38;7.5 x 16 ET35|7 x 17 ET38|8 x 17 ET31|7.5 x 18 ET35;;5*98;58.1;;12*1.25
Alfa Romeo;147;147;1.6 i T. Spark;2003;205/50 R16;205/55 R16|215/50 R16|225/45 R16|225/50 R16|215/45 R17|225/45 R17|235/40 R17|215/40 R18|225/35 R18;;6 x 16 ET38;7.5 x 16 ET35|7 x 17 ET38|8 x 17 ET31|7.5 x 18 ET35;;5*98;58.1;;12*1.25
Alfa Romeo;147;147;1.6 i T. Spark;2004;205/50 R16;205/55 R16|215/50 R16|225/45 R16|225/50 R16|215/45 R17|225/45 R17|235/40 R17|215/40 R18|225/35 R18;;6 x 16 ET38;7.5 x 16 ET35|7 x 17 ET38|8 x 17 ET31|7.5 x 18 ET35;;5*98;58.1;;12*1.25
Alfa Romeo;147;147;1.6 i T. Spark;2005;205/50 R16;205/55 R16|215/50 R16|225/45 R16|225/50 R16|215/45 R17|225/45 R17|235/40 R17|215/40 R18|225/35 R18;;6 x 16 ET38;7.5 x 16 ET35|7 x 17 ET38|8 x 17 ET31|7.5 x 18 ET35;;5*98;58.1;;12*1.25
Alfa Romeo;147;147;1.6 i T. Spark;2006;205/50 R16;205/55 R16|215/50 R16|225/45 R16|225/50 R16|215/45 R17|225/45 R17|235/40 R17|215/40 R18|225/35 R18;;6 x 16 ET38;7.5 x 16 ET35|7 x 17 ET38|8 x 17 ET31|7.5 x 18 ET35;;5*98;58.1;;12*1.25
Alfa Romeo;147;147;1.6 i T. Spark;2007;205/50 R16;205/55 R16|215/50 R16|225/45 R16|225/50 R16|215/45 R17|225/45 R17|235/40 R17|215/40 R18|225/35 R18;;6 x 16 ET38;7.5 x 16 ET35|7 x 17 ET38|8 x 17 ET31|7.5 x 18 ET35;;5*98;58.1;;12*1.25
Alfa Romeo;147;147;1.6 i T. Spark;2008;205/50 R16;205/55 R16|215/50 R16|225/45 R16|225/50 R16|215/45 R17|225/45 R17|235/40 R17|215/40 R18|225/35 R18;;6 x 16 ET38;7.5 x 16 ET35|7 x 17 ET38|8 x 17 ET31|7.5 x 18 ET35;;5*98;58.1;;12*1.25
Alfa Romeo;147;147;1.6 i T. Spark;2009;205/50 R16;205/55 R16|215/50 R16|225/45 R16|225/50 R16|215/45 R17|225/45 R17|235/40 R17|215/40 R18|225/35 R18;;6 x 16 ET38;7.5 x 16 ET35|7 x 17 ET38|8 x 17 ET31|7.5 x 18 ET35;;5*98;58.1;;12*1.25
Alfa Romeo;147;147;1.6 i T. Spark;2010;205/50 R16;205/55 R16|215/50 R16|225/45 R16|225/50 R16|215/45 R17|225/45 R17|235/40 R17|215/40 R18|225/35 R18;;6 x 16 ET38;7.5 x 16 ET35|7 x 17 ET38|8 x 17 ET31|7.5 x 18 ET35;;5*98;58.1;;12*1.25
Alfa Romeo;147;147;1.9 JTD;1998;205/50 R16;205/55 R16|215/50 R16|225/45 R16|225/50 R16|215/45 R17|225/45 R17|235/40 R17|215/40 R18|225/35 R18;;6 x 16 ET38;7.5 x 16 ET35|7 x 17 ET38|8 x 17 ET31|7.5 x 18 ET35;;5*98;58.1;;12*1.25
Alfa Romeo;147;147;1.9 JTD;1999;205/50 R16;205/55 R16|215/50 R16|225/45 R16|225/50 R16|215/45 R17|225/45 R17|235/40 R17|215/40 R18|225/35 R18;;6 x 16 ET38;7.5 x 16 ET35|7 x 17 ET38|8 x 17 ET31|7.5 x 18 ET35;;5*98;58.1;;12*1.25
Alfa Romeo;147;147;1.9 JTD;2000;205/50 R16;205/55 R16|215/50 R16|225/45 R16|225/50 R16|215/45 R17|225/45 R17|235/40 R17|215/40 R18|225/35 R18;;6 x 16 ET38;7.5 x 16 ET35|7 x 17 ET38|8 x 17 ET31|7.5 x 18 ET35;;5*98;58.1;;12*1.25
Alfa Romeo;147;147;1.9 JTD;2001;205/50 R16;205/55 R16|215/50 R16|225/45 R16|225/50 R16|215/45 R17|225/45 R17|235/40 R17|215/40 R18|225/35 R18;;6 x 16 ET38;7.5 x 16 ET35|7 x 17 ET38|8 x 17 ET31|7.5 x 18 ET35;;5*98;58.1;;12*1.25
Alfa Romeo;147;147;1.9 JTD;2002;205/50 R16;205/55 R16|215/50 R16|225/45 R16|225/50 R16|215/45 R17|225/45 R17|235/40 R17|215/40 R18|225/35 R18;;6 x 16 ET38;7.5 x 16 ET35|7 x 17 ET38|8 x 17 ET31|7.5 x 18 ET35;;5*98;58.1;;12*1.25
Alfa Romeo;147;147;1.9 JTD;2003;205/50 R16;205/55 R16|215/50 R16|225/45 R16|225/50 R16|215/45 R17|225/45 R17|235/40 R17|215/40 R18|225/35 R18;;6 x 16 ET38;7.5 x 16 ET35|7 x 17 ET38|8 x 17 ET31|7.5 x 18 ET35;;5*98;58.1;;12*1.25
Alfa Romeo;147;147;1.9 JTD;2004;205/50 R16;205/55 R16|215/50 R16|225/45 R16|225/50 R16|215/45 R17|225/45 R17|235/40 R17|215/40 R18|225/35 R18;;6 x 16 ET38;7.5 x 16 ET35|7 x 17 ET38|8 x 17 ET31|7.5 x 18 ET35;;5*98;58.1;;12*1.25
Alfa Romeo;147;147;1.9 JTD;2005;205/50 R16;205/55 R16|215/50 R16|225/45 R16|225/50 R16|215/45 R17|225/45 R17|235/40 R17|215/40 R18|225/35 R18;;6 x 16 ET38;7.5 x 16 ET35|7 x 17 ET38|8 x 17 ET31|7.5 x 18 ET35;;5*98;58.1;;12*1.25
Alfa Romeo;147;147;1.9 JTD;2006;205/50 R16;205/55 R16|215/50 R16|225/45 R16|225/50 R16|215/45 R17|225/45 R17|235/40 R17|215/40 R18|225/35 R18;;6 x 16 ET38;7.5 x 16 ET35|7 x 17 ET38|8 x 17 ET31|7.5 x 18 ET35;;5*98;58.1;;12*1.25
Alfa Romeo;147;147;1.9 JTD;2007;205/50 R16;205/55 R16|215/50 R16|225/45 R16|225/50 R16|215/45 R17|225/45 R17|235/40 R17|215/40 R18|225/35 R18;;6 x 16 ET38;7.5 x 16 ET35|7 x 17 ET38|8 x 17 ET31|7.5 x 18 ET35;;5*98;58.1;;12*1.25
Alfa Romeo;147;147;1.9 JTD;2008;205/50 R16;205/55 R16|215/50 R16|225/45 R16|225/50 R16|215/45 R17|225/45 R17|235/40 R17|215/40 R18|225/35 R18;;6 x 16 ET38;7.5 x 16 ET35|7 x 17 ET38|8 x 17 ET31|7.5 x 18 ET35;;5*98;58.1;;12*1.25
Alfa Romeo;147;147;1.9 JTD;2009;205/50 R16;205/55 R16|215/50 R16|225/45 R16|225/50 R16|215/45 R17|225/45 R17|235/40 R17|215/40 R18|225/35 R18;;6 x 16 ET38;7.5 x 16 ET35|7 x 17 ET38|8 x 17 ET31|7.5 x 18 ET35;;5*98;58.1;;12*1.25
Alfa Romeo;147;147;1.9 JTD;2010;205/50 R16;205/55 R16|215/50 R16|225/45 R16|225/50 R16|215/45 R17|225/45 R17|235/40 R17|215/40 R18|225/35 R18;;6 x 16 ET38;7.5 x 16 ET35|7 x 17 ET38|8 x 17 ET31|7.5 x 18 ET35;;5*98;58.1;;12*1.25
Alfa Romeo;147;147;2.0 i T.Spark;1998;205/50 R16;205/55 R16|215/50 R16|225/45 R16|225/50 R16|215/45 R17|225/45 R17|235/40 R17|215/40 R18|225/35 R18;;6 x 16 ET38;7.5 x 16 ET35|7 x 17 ET38|8 x 17 ET31|7.5 x 18 ET35;;5*98;58.1;;12*1.25
Alfa Romeo;147;147;2.0 i T.Spark;1999;205/50 R16;205/55 R16|215/50 R16|225/45 R16|225/50 R16|215/45 R17|225/45 R17|235/40 R17|215/40 R18|225/35 R18;;6 x 16 ET38;7.5 x 16 ET35|7 x 17 ET38|8 x 17 ET31|7.5 x 18 ET35;;5*98;58.1;;12*1.25
Alfa Romeo;147;147;2.0 i T.Spark;2000;205/50 R16;205/55 R16|215/50 R16|225/45 R16|225/50 R16|215/45 R17|225/45 R17|235/40 R17|215/40 R18|225/35 R18;;6 x 16 ET38;7.5 x 16 ET35|7 x 17 ET38|8 x 17 ET31|7.5 x 18 ET35;;5*98;58.1;;12*1.25
Alfa Romeo;147;147;2.0 i T.Spark;2001;205/50 R16;205/55 R16|215/50 R16|225/45 R16|225/50 R16|215/45 R17|225/45 R17|235/40 R17|215/40 R18|225/35 R18;;6 x 16 ET38;7.5 x 16 ET35|7 x 17 ET38|8 x 17 ET31|7.5 x 18 ET35;;5*98;58.1;;12*1.25
Alfa Romeo;147;147;2.0 i T.Spark;2002;205/50 R16;205/55 R16|215/50 R16|225/45 R16|225/50 R16|215/45 R17|225/45 R17|235/40 R17|215/40 R18|225/35 R18;;6 x 16 ET38;7.5 x 16 ET35|7 x 17 ET38|8 x 17 ET31|7.5 x 18 ET35;;5*98;58.1;;12*1.25
Alfa Romeo;147;147;2.0 i T.Spark;2003;205/50 R16;205/55 R16|215/50 R16|225/45 R16|225/50 R16|215/45 R17|225/45 R17|235/40 R17|215/40 R18|225/35 R18;;6 x 16 ET38;7.5 x 16 ET35|7 x 17 ET38|8 x 17 ET31|7.5 x 18 ET35;;5*98;58.1;;12*1.25
Alfa Romeo;147;147;2.0 i T.Spark;2004;205/50 R16;205/55 R16|215/50 R16|225/45 R16|225/50 R16|215/45 R17|225/45 R17|235/40 R17|215/40 R18|225/35 R18;;6 x 16 ET38;7.5 x 16 ET35|7 x 17 ET38|8 x 17 ET31|7.5 x 18 ET35;;5*98;58.1;;12*1.25
Alfa Romeo;147;147;2.0 i T.Spark;2005;205/50 R16;205/55 R16|215/50 R16|225/45 R16|225/50 R16|215/45 R17|225/45 R17|235/40 R17|215/40 R18|225/35 R18;;6 x 16 ET38;7.5 x 16 ET35|7 x 17 ET38|8 x 17 ET31|7.5 x 18 ET35;;5*98;58.1;;12*1.25
Alfa Romeo;147;147;2.0 i T.Spark;2006;205/50 R16;205/55 R16|215/50 R16|225/45 R16|225/50 R16|215/45 R17|225/45 R17|235/40 R17|215/40 R18|225/35 R18;;6 x 16 ET38;7.5 x 16 ET35|7 x 17 ET38|8 x 17 ET31|7.5 x 18 ET35;;5*98;58.1;;12*1.25
Alfa Romeo;147;147;2.0 i T.Spark;2007;205/50 R16;205/55 R16|215/50 R16|225/45 R16|225/50 R16|215/45 R17|225/45 R17|235/40 R17|215/40 R18|225/35 R18;;6 x 16 ET38;7.5 x 16 ET35|7 x 17 ET38|8 x 17 ET31|7.5 x 18 ET35;;5*98;58.1;;12*1.25
Alfa Romeo;147;147;2.0 i T.Spark;2008;205/50 R16;205/55 R16|215/50 R16|225/45 R16|225/50 R16|215/45 R17|225/45 R17|235/40 R17|215/40 R18|225/35 R18;;6 x 16 ET38;7.5 x 16 ET35|7 x 17 ET38|8 x 17 ET31|7.5 x 18 ET35;;5*98;58.1;;12*1.25
Alfa Romeo;147;147;2.0 i T.Spark;2009;205/50 R16;205/55 R16|215/50 R16|225/45 R16|225/50 R16|215/45 R17|225/45 R17|235/40 R17|215/40 R18|225/35 R18;;6 x 16 ET38;7.5 x 16 ET35|7 x 17 ET38|8 x 17 ET31|7.5 x 18 ET35;;5*98;58.1;;12*1.25
Alfa Romeo;147;147;2.0 i T.Spark;2010;205/50 R16;205/55 R16|215/50 R16|225/45 R16|225/50 R16|215/45 R17|225/45 R17|235/40 R17|215/40 R18|225/35 R18;;6 x 16 ET38;7.5 x 16 ET35|7 x 17 ET38|8 x 17 ET31|7.5 x 18 ET35;;5*98;58.1;;12*1.25
Alfa Romeo;147 GTA;147 GTA;3.2 V 6;2002;225/45 R17;225/40 R18|235/35 R19;;8 x 17 ET31;7.5 x 18 ET35|8 x 18 ET32|8 x 19 ET35;;5*98;58.1;;12*1.25
Alfa Romeo;147 GTA;147 GTA;3.2 V 6;2003;225/45 R17;225/40 R18|235/35 R19;;8 x 17 ET31;7.5 x 18 ET35|8 x 18 ET32|8 x 19 ET35;;5*98;58.1;;12*1.25
Alfa Romeo;147 GTA;147 GTA;3.2 V 6;2004;225/45 R17;225/40 R18|235/35 R19;;8 x 17 ET31;7.5 x 18 ET35|8 x 18 ET32|8 x 19 ET35;;5*98;58.1;;12*1.25
Alfa Romeo;147 GTA;147 GTA;3.2 V 6;2005;225/45 R17;225/40 R18|235/35 R19;;8 x 17 ET31;7.5 x 18 ET35|8 x 18 ET32|8 x 19 ET35;;5*98;58.1;;12*1.25
Alfa Romeo;147 GTA;147 GTA;3.2 V 6;2006;225/45 R17;225/40 R18|235/35 R19;;8 x 17 ET31;7.5 x 18 ET35|8 x 18 ET32|8 x 19 ET35;;5*98;58.1;;12*1.25
Alfa Romeo;147 GTA;147 GTA;3.2 V 6;2007;225/45 R17;225/40 R18|235/35 R19;;8 x 17 ET31;7.5 x 18 ET35|8 x 18 ET32|8 x 19 ET35;;5*98;58.1;;12*1.25
Alfa Romeo;147 GTA;147 GTA;3.2 V 6;2008;225/45 R17;225/40 R18|235/35 R19;;8 x 17 ET31;7.5 x 18 ET35|8 x 18 ET32|8 x 19 ET35;;5*98;58.1;;12*1.25
Alfa Romeo;147 GTA;147 GTA;3.2 V 6;2009;225/45 R17;225/40 R18|235/35 R19;;8 x 17 ET31;7.5 x 18 ET35|8 x 18 ET32|8 x 19 ET35;;5*98;58.1;;12*1.25
Alfa Romeo;147 GTA;147 GTA;3.2 V 6;2010;225/45 R17;225/40 R18|235/35 R19;;8 x 17 ET31;7.5 x 18 ET35|8 x 18 ET32|8 x 19 ET35;;5*98;58.1;;12*1.25
Alfa Romeo;156;156;1.6 T.S.;1997;185/65 R15;205/55 R16|215/50 R16|225/45 R16|225/50 R16|215/45 R17|225/45 R17|235/40 R17|215/40 R18|225/35 R18;;6 x 15 ET38;7.5 x 16 ET35|7 x 17 ET38|8 x 17 ET31|7.5 x 18 ET35;;5*98;58.1;;12*1.25
Alfa Romeo;156;156;1.6 T.S.;1998;185/65 R15;205/55 R16|215/50 R16|225/45 R16|225/50 R16|215/45 R17|225/45 R17|235/40 R17|215/40 R18|225/35 R18;;6 x 15 ET38;7.5 x 16 ET35|7 x 17 ET38|8 x 17 ET31|7.5 x 18 ET35;;5*98;58.1;;12*1.25
Alfa Romeo;156;156;1.6 T.S.;1999;185/65 R15;205/55 R16|215/50 R16|225/45 R16|225/50 R16|215/45 R17|225/45 R17|235/40 R17|215/40 R18|225/35 R18;;6 x 15 ET38;7.5 x 16 ET35|7 x 17 ET38|8 x 17 ET31|7.5 x 18 ET35;;5*98;58.1;;12*1.25
Alfa Romeo;156;156;1.6 T.S.;2000;185/65 R15;205/55 R16|215/50 R16|225/45 R16|225/50 R16|215/45 R17|225/45 R17|235/40 R17|215/40 R18|225/35 R18;;6 x 15 ET38;7.5 x 16 ET35|7 x 17 ET38|8 x 17 ET31|7.5 x 18 ET35;;5*98;58.1;;12*1.25
Alfa Romeo;156;156;1.6 T.S.;2001;185/65 R15;205/55 R16|215/50 R16|225/45 R16|225/50 R16|215/45 R17|225/45 R17|235/40 R17|215/40 R18|225/35 R18;;6 x 15 ET38;7.5 x 16 ET35|7 x 17 ET38|8 x 17 ET31|7.5 x 18 ET35;;5*98;58.1;;12*1.25
Alfa Romeo;156;156;1.6 T.S.;2002;185/65 R15;205/55 R16|215/50 R16|225/45 R16|225/50 R16|215/45 R17|225/45 R17|235/40 R17|215/40 R18|225/35 R18;;6 x 15 ET38;7.5 x 16 ET35|7 x 17 ET38|8 x 17 ET31|7.5 x 18 ET35;;5*98;58.1;;12*1.25
Alfa Romeo;156;156;1.6 T.S.;2003;185/65 R15;205/55 R16|215/50 R16|225/45 R16|225/50 R16|215/45 R17|225/45 R17|235/40 R17|215/40 R18|225/35 R18;;6 x 15 ET38;7.5 x 16 ET35|7 x 17 ET38|8 x 17 ET31|7.5 x 18 ET35;;5*98;58.1;;12*1.25
Alfa Romeo;156;156;1.8 T.S;1997;205/50 R16;205/55 R16|215/50 R16|225/45 R16|225/50 R16|215/45 R17|225/45 R17|235/40 R17|215/40 R18|225/35 R18;;6 x 16 ET38;7.5 x 16 ET35|7 x 17 ET38|8 x 17 ET31|7.5 x 18 ET35;;5*98;58.1;;12*1.25
Alfa Romeo;156;156;1.8 T.S;1998;205/50 R16;205/55 R16|215/50 R16|225/45 R16|225/50 R16|215/45 R17|225/45 R17|235/40 R17|215/40 R18|225/35 R18;;6 x 16 ET38;7.5 x 16 ET35|7 x 17 ET38|8 x 17 ET31|7.5 x 18 ET35;;5*98;58.1;;12*1.25
Alfa Romeo;156;156;1.8 T.S;1999;205/50 R16;205/55 R16|215/50 R16|225/45 R16|225/50 R16|215/45 R17|225/45 R17|235/40 R17|215/40 R18|225/35 R18;;6 x 16 ET38;7.5 x 16 ET35|7 x 17 ET38|8 x 17 ET31|7.5 x 18 ET35;;5*98;58.1;;12*1.25
Alfa Romeo;156;156;1.8 T.S;2000;205/50 R16;205/55 R16|215/50 R16|225/45 R16|225/50 R16|215/45 R17|225/45 R17|235/40 R17|215/40 R18|225/35 R18;;6 x 16 ET38;7.5 x 16 ET35|7 x 17 ET38|8 x 17 ET31|7.5 x 18 ET35;;5*98;58.1;;12*1.25
Alfa Romeo;156;156;1.8 T.S;2001;205/50 R16;205/55 R16|215/50 R16|225/45 R16|225/50 R16|215/45 R17|225/45 R17|235/40 R17|215/40 R18|225/35 R18;;6 x 16 ET38;7.5 x 16 ET35|7 x 17 ET38|8 x 17 ET31|7.5 x 18 ET35;;5*98;58.1;;12*1.25
Alfa Romeo;156;156;1.8 T.S;2002;205/50 R16;205/55 R16|215/50 R16|225/45 R16|225/50 R16|215/45 R17|225/45 R17|235/40 R17|215/40 R18|225/35 R18;;6 x 16 ET38;7.5 x 16 ET35|7 x 17 ET38|8 x 17 ET31|7.5 x 18 ET35;;5*98;58.1;;12*1.25
Alfa Romeo;156;156;1.8 T.S;2003;205/50 R16;205/55 R16|215/50 R16|225/45 R16|225/50 R16|215/45 R17|225/45 R17|235/40 R17|215/40 R18|225/35 R18;;6 x 16 ET38;7.5 x 16 ET35|7 x 17 ET38|8 x 17 ET31|7.5 x 18 ET35;;5*98;58.1;;12*1.25
Alfa Romeo;156;156;1.9 JTD;1997;185/65 R15|205/50 R16;205/55 R16|215/50 R16|225/45 R16|225/50 R16|215/45 R17|225/45 R17|235/40 R17|215/40 R18|225/35 R18;;6 x 15 ET38|6 x 16 ET38;7.5 x 16 ET35|7 x 17 ET38|8 x 17 ET31|7.5 x 18 ET35;;5*98;58.1;;12*1.25
Alfa Romeo;156;156;1.9 JTD;1998;185/65 R15|205/50 R16;205/55 R16|215/50 R16|225/45 R16|225/50 R16|215/45 R17|225/45 R17|235/40 R17|215/40 R18|225/35 R18;;6 x 15 ET38|6 x 16 ET38;7.5 x 16 ET35|7 x 17 ET38|8 x 17 ET31|7.5 x 18 ET35;;5*98;58.1;;12*1.25
Alfa Romeo;156;156;1.9 JTD;1999;185/65 R15|205/50 R16;205/55 R16|215/50 R16|225/45 R16|225/50 R16|215/45 R17|225/45 R17|235/40 R17|215/40 R18|225/35 R18;;6 x 15 ET38|6 x 16 ET38;7.5 x 16 ET35|7 x 17 ET38|8 x 17 ET31|7.5 x 18 ET35;;5*98;58.1;;12*1.25
Alfa Romeo;156;156;1.9 JTD;2000;185/65 R15|205/50 R16;205/55 R16|215/50 R16|225/45 R16|225/50 R16|215/45 R17|225/45 R17|235/40 R17|215/40 R18|225/35 R18;;6 x 15 ET38|6 x 16 ET38;7.5 x 16 ET35|7 x 17 ET38|8 x 17 ET31|7.5 x 18 ET35;;5*98;58.1;;12*1.25
Alfa Romeo;156;156;1.9 JTD;2001;185/65 R15|205/50 R16;205/55 R16|215/50 R16|225/45 R16|225/50 R16|215/45 R17|225/45 R17|235/40 R17|215/40 R18|225/35 R18;;6 x 15 ET38|6 x 16 ET38;7.5 x 16 ET35|7 x 17 ET38|8 x 17 ET31|7.5 x 18 ET35;;5*98;58.1;;12*1.25
Alfa Romeo;156;156;1.9 JTD;2002;185/65 R15|205/50 R16;205/55 R16|215/50 R16|225/45 R16|225/50 R16|215/45 R17|225/45 R17|235/40 R17|215/40 R18|225/35 R18;;6 x 15 ET38|6 x 16 ET38;7.5 x 16 ET35|7 x 17 ET38|8 x 17 ET31|7.5 x 18 ET35;;5*98;58.1;;12*1.25
Alfa Romeo;156;156;1.9 JTD;2003;185/65 R15|205/50 R16;205/55 R16|215/50 R16|225/45 R16|225/50 R16|215/45 R17|225/45 R17|235/40 R17|215/40 R18|225/35 R18;;6 x 15 ET38|6 x 16 ET38;7.5 x 16 ET35|7 x 17 ET38|8 x 17 ET31|7.5 x 18 ET35;;5*98;58.1;;12*1.25
Alfa Romeo;156;156;1.9 JTD;2004;185/65 R15|205/50 R16;205/55 R16|215/50 R16|225/45 R16|225/50 R16|215/45 R17|225/45 R17|235/40 R17|215/40 R18|225/35 R18;;6 x 15 ET38|6 x 16 ET38;7.5 x 16 ET35|7 x 17 ET38|8 x 17 ET31|7.5 x 18 ET35;;5*98;58.1;;12*1.25
Alfa Romeo;156;156;1.9 JTD;2005;185/65 R15|205/50 R16;205/55 R16|215/50 R16|225/45 R16|225/50 R16|215/45 R17|225/45 R17|235/40 R17|215/40 R18|225/35 R18;;6 x 15 ET38|6 x 16 ET38;7.5 x 16 ET35|7 x 17 ET38|8 x 17 ET31|7.5 x 18 ET35;;5*98;58.1;;12*1.25
Alfa Romeo;156;156;1.9 JTD;2006;185/65 R15|205/50 R16;205/55 R16|215/50 R16|225/45 R16|225/50 R16|215/45 R17|225/45 R17|235/40 R17|215/40 R18|225/35 R18;;6 x 15 ET38|6 x 16 ET38;7.5 x 16 ET35|7 x 17 ET38|8 x 17 ET31|7.5 x 18 ET35;;5*98;58.1;;12*1.25
Alfa Romeo;156;156;1.9 JTD;2007;185/65 R15|205/50 R16;205/55 R16|215/50 R16|225/45 R16|225/50 R16|215/45 R17|225/45 R17|235/40 R17|215/40 R18|225/35 R18;;6 x 15 ET38|6 x 16 ET38;7.5 x 16 ET35|7 x 17 ET38|8 x 17 ET31|7.5 x 18 ET35;;5*98;58.1;;12*1.25
Alfa Romeo;156;156;2.0 JTS;1997;185/65 R15;205/50 R16|205/55 R16|225/45 R16|215/45 R17|225/45 R17|235/40 R17|225/35 R18|225/40 R18|245/35 R18|225/35 R19|235/35 R19;;6 x 15 ET38;;;5*98;58.1;;12*1.25
Alfa Romeo;156;156;2.0 JTS;1998;185/65 R15;205/50 R16|205/55 R16|225/45 R16|215/45 R17|225/45 R17|235/40 R17|225/35 R18|225/40 R18|245/35 R18|225/35 R19|235/35 R19;;6 x 15 ET38;;;5*98;58.1;;12*1.25
Alfa Romeo;156;156;2.0 JTS;1999;185/65 R15;205/50 R16|205/55 R16|225/45 R16|215/45 R17|225/45 R17|235/40 R17|225/35 R18|225/40 R18|245/35 R18|225/35 R19|235/35 R19;;6 x 15 ET38;;;5*98;58.1;;12*1.25
Alfa Romeo;156;156;2.0 JTS;2000;185/65 R15;205/50 R16|205/55 R16|225/45 R16|215/45 R17|225/45 R17|235/40 R17|225/35 R18|225/40 R18|245/35 R18|225/35 R19|235/35 R19;;6 x 15 ET38;;;5*98;58.1;;12*1.25
Alfa Romeo;156;156;2.0 JTS;2001;185/65 R15;205/50 R16|205/55 R16|225/45 R16|215/45 R17|225/45 R17|235/40 R17|225/35 R18|225/40 R18|245/35 R18|225/35 R19|235/35 R19;;6 x 15 ET38;;;5*98;58.1;;12*1.25
Alfa Romeo;156;156;2.0 JTS;2002;185/65 R15;205/50 R16|205/55 R16|225/45 R16|215/45 R17|225/45 R17|235/40 R17|225/35 R18|225/40 R18|245/35 R18|225/35 R19|235/35 R19;;6 x 15 ET38;;;5*98;58.1;;12*1.25
Alfa Romeo;156;156;2.0 JTS;2003;185/65 R15;205/50 R16|205/55 R16|225/45 R16|215/45 R17|225/45 R17|235/40 R17|225/35 R18|225/40 R18|245/35 R18|225/35 R19|235/35 R19;;6 x 15 ET38;;;5*98;58.1;;12*1.25
Alfa Romeo;156;156;2.4 JTD;1997;185/65 R15|205/50 R16;205/50 R16|205/55 R16|215/50 R16|225/45 R16|225/50 R16|215/45 R17|225/45 R17|235/40 R17|215/40 R18|225/35 R18|225/40 R18|245/35 R18|225/35 R19|235/35 R19;;6 x 15 ET38|6 x 16 ET38;7.5 x 16 ET35|7 x 17 ET38|8 x 17 ET31|7.5 x 18 ET35;;5*98;58.1;;12*1.25
Alfa Romeo;156;156;2.4 JTD;1998;185/65 R15|205/50 R16;205/50 R16|205/55 R16|215/50 R16|225/45 R16|225/50 R16|215/45 R17|225/45 R17|235/40 R17|215/40 R18|225/35 R18|225/40 R18|245/35 R18|225/35 R19|235/35 R19;;6 x 15 ET38|6 x 16 ET38;7.5 x 16 ET35|7 x 17 ET38|8 x 17 ET31|7.5 x 18 ET35;;5*98;58.1;;12*1.25
Alfa Romeo;156;156;2.4 JTD;1999;185/65 R15|205/50 R16;205/50 R16|205/55 R16|215/50 R16|225/45 R16|225/50 R16|215/45 R17|225/45 R17|235/40 R17|215/40 R18|225/35 R18|225/40 R18|245/35 R18|225/35 R19|235/35 R19;;6 x 15 ET38|6 x 16 ET38;7.5 x 16 ET35|7 x 17 ET38|8 x 17 ET31|7.5 x 18 ET35;;5*98;58.1;;12*1.25
Alfa Romeo;156;156;2.4 JTD;2000;185/65 R15|205/50 R16;205/50 R16|205/55 R16|215/50 R16|225/45 R16|225/50 R16|215/45 R17|225/45 R17|235/40 R17|215/40 R18|225/35 R18|225/40 R18|245/35 R18|225/35 R19|235/35 R19;;6 x 15 ET38|6 x 16 ET38;7.5 x 16 ET35|7 x 17 ET38|8 x 17 ET31|7.5 x 18 ET35;;5*98;58.1;;12*1.25
Alfa Romeo;156;156;2.4 JTD;2001;185/65 R15|205/50 R16;205/50 R16|205/55 R16|215/50 R16|225/45 R16|225/50 R16|215/45 R17|225/45 R17|235/40 R17|215/40 R18|225/35 R18|225/40 R18|245/35 R18|225/35 R19|235/35 R19;;6 x 15 ET38|6 x 16 ET38;7.5 x 16 ET35|7 x 17 ET38|8 x 17 ET31|7.5 x 18 ET35;;5*98;58.1;;12*1.25
Alfa Romeo;156;156;2.4 JTD;2002;185/65 R15|205/50 R16;205/50 R16|205/55 R16|215/50 R16|225/45 R16|225/50 R16|215/45 R17|225/45 R17|235/40 R17|215/40 R18|225/35 R18|225/40 R18|245/35 R18|225/35 R19|235/35 R19;;6 x 15 ET38|6 x 16 ET38;7.5 x 16 ET35|7 x 17 ET38|8 x 17 ET31|7.5 x 18 ET35;;5*98;58.1;;12*1.25
Alfa Romeo;156;156;2.4 JTD;2003;185/65 R15|205/50 R16;205/50 R16|205/55 R16|215/50 R16|225/45 R16|225/50 R16|215/45 R17|225/45 R17|235/40 R17|215/40 R18|225/35 R18|225/40 R18|245/35 R18|225/35 R19|235/35 R19;;6 x 15 ET38|6 x 16 ET38;7.5 x 16 ET35|7 x 17 ET38|8 x 17 ET31|7.5 x 18 ET35;;5*98;58.1;;12*1.25
Alfa Romeo;156;156;2.4 JTD;2004;185/65 R15|205/50 R16;205/50 R16|205/55 R16|215/50 R16|225/45 R16|225/50 R16|215/45 R17|225/45 R17|235/40 R17|215/40 R18|225/35 R18|225/40 R18|245/35 R18|225/35 R19|235/35 R19;;6 x 15 ET38|6 x 16 ET38;7.5 x 16 ET35|7 x 17 ET38|8 x 17 ET31|7.5 x 18 ET35;;5*98;58.1;;12*1.25
Alfa Romeo;156;156;2.4 JTD;2005;185/65 R15|205/50 R16;205/50 R16|205/55 R16|215/50 R16|225/45 R16|225/50 R16|215/45 R17|225/45 R17|235/40 R17|215/40 R18|225/35 R18|225/40 R18|245/35 R18|225/35 R19|235/35 R19;;6 x 15 ET38|6 x 16 ET38;7.5 x 16 ET35|7 x 17 ET38|8 x 17 ET31|7.5 x 18 ET35;;5*98;58.1;;12*1.25
Alfa Romeo;156;156;2.4 JTD;2006;185/65 R15|205/50 R16;205/50 R16|205/55 R16|215/50 R16|225/45 R16|225/50 R16|215/45 R17|225/45 R17|235/40 R17|215/40 R18|225/35 R18|225/40 R18|245/35 R18|225/35 R19|235/35 R19;;6 x 15 ET38|6 x 16 ET38;7.5 x 16 ET35|7 x 17 ET38|8 x 17 ET31|7.5 x 18 ET35;;5*98;58.1;;12*1.25
Alfa Romeo;156;156;2.4 JTD;2007;185/65 R15|205/50 R16;205/50 R16|205/55 R16|215/50 R16|225/45 R16|225/50 R16|215/45 R17|225/45 R17|235/40 R17|215/40 R18|225/35 R18|225/40 R18|245/35 R18|225/35 R19|235/35 R19;;6 x 15 ET38|6 x 16 ET38;7.5 x 16 ET35|7 x 17 ET38|8 x 17 ET31|7.5 x 18 ET35;;5*98;58.1;;12*1.25
Alfa Romeo;156;156;2.5i;1997;185/65 R15|205/50 R16;205/50 R16|205/55 R16|215/50 R16|225/45 R16|225/50 R16|215/45 R17|225/45 R17|235/40 R17|215/40 R18|225/35 R18|225/40 R18|245/35 R18|225/35 R19|235/35 R19;;6 x 15 ET38|6 x 16 ET38;7.5 x 16 ET35|7 x 17 ET38|8 x 17 ET31|7.5 x 18 ET35;;5*98;58.1;;12*1.25
